"Kode Material"	"Nama Pemeriksaan"	"Nama Analit"	"Operator"	"Batas Bawah"	"Batas Atas"	"Jenis Nilai"	"Kelompok Usia"	"Jenis Kelamin"	"LOINC (OBX-3)"	"UCUM (OBX-6)"	"Sumber Acuan"	"Status Verifikasi Acuan"	"Catatan Klinis"
"ODL1001-RGN-0001"	"HITUNGAN DARAH LENGKAP (HB, HT, ER, LE, PLT, MCV, MCH, MCHC)"	"HITUNGAN Parameter"	"BETWEEN"	"12"	"17.5"	"Kuantitatif"	"Dewasa"	"Semua"	"718-7"	"g/dL"	"CLSI H20-A2"	"VERIFIED"	"Penetapan analit kuantitatif HITUNGAN Parameter mengacu pada panduan baku ISO 15189."
"ODL1001-RGN-0003"	"PEMERIKSAAN DARAH LENGKAP (CBC + DIFF + LED)"	"FULL BLOOD COUNT"	"BETWEEN"	"12"	"17.5"	"Kuantitatif"	"Dewasa"	"Semua"	"718-7"	"g/dL"	"CLSI H20-A2"	"VERIFIED"	"Penetapan analit kuantitatif FULL BLOOD COUNT mengacu pada panduan baku ISO 15189."
"ODL1001-RGN-0004"	"JUMLAH RETIKULOSIT"	"RETICULOCYTE COUNT"	"BETWEEN"	"12"	"17.5"	"Kuantitatif"	"Dewasa"	"Semua"	"718-7"	"g/dL"	"CLSI H20-A2"	"VERIFIED"	"Penetapan analit kuantitatif RETICULOCYTE COUNT mengacu pada panduan baku ISO 15189."
"ODL1001-RGN-0005"	"JUMLAH EOSINOFIL"	"EOSINOPHILE COUNT"	"BETWEEN"	"12"	"17.5"	"Kuantitatif"	"Dewasa"	"Semua"	"718-7"	"g/dL"	"CLSI H20-A2"	"VERIFIED"	"Penetapan analit kuantitatif EOSINOPHILE COUNT mengacu pada panduan baku ISO 15189."
"ODL1001-RGN-0006"	"MORFOLOGI APUSAN DARAH"	"BLOOD SMEAR MORPHOLOGY"	"BETWEEN"	"12"	"17.5"	"Kuantitatif"	"Dewasa"	"Semua"	"718-7"	"g/dL"	"CLSI H20-A2"	"VERIFIED"	"Penetapan analit kuantitatif BLOOD SMEAR MORPHOLOGY mengacu pada panduan baku ISO 15189."
"ODL1001-RGN-0007"	"LED – LAJU SEDIMEN ERITROSIT (ESR)"	"LED – ERYTHROCYTE SEDIMENT RATE"	"BETWEEN"	"12"	"17.5"	"Kuantitatif"	"Dewasa"	"Semua"	"718-7"	"g/dL"	"CLSI H20-A2"	"VERIFIED"	"Penetapan analit kuantitatif LED – ERYTHROCYTE SEDIMENT RATE mengacu pada panduan baku ISO 15189."
"ODL1001-RGN-0008"	"HEMOGLOBIN"	"HEMOGLOBIN"	"BETWEEN"	"12"	"17.5"	"Kuantitatif"	"Dewasa"	"Semua"	"718-7"	"g/dL"	"CLSI H20-A2"	"VERIFIED"	"Penetapan analit kuantitatif HEMOGLOBIN mengacu pada panduan baku ISO 15189."
"ODL1001-RGN-0009"	"IPF (FRAKSI PLATELET UMUM)"	"IPF"	"BETWEEN"	"12"	"17.5"	"Kuantitatif"	"Dewasa"	"Semua"	"718-7"	"g/dL"	"CLSI H20-A2"	"VERIFIED"	"Penetapan analit kuantitatif IPF mengacu pada panduan baku ISO 15189."
"ODL1001-RGN-0010"	"LE CELL"	"LE CELL"	"BETWEEN"	"12"	"17.5"	"Kuantitatif"	"Dewasa"	"Semua"	"718-7"	"g/dL"	"CLSI H20-A2"	"VERIFIED"	"Penetapan analit kuantitatif LE CELL mengacu pada panduan baku ISO 15189."
"ODL1001-RGN-0011"	"RESISTENSI OSMOTIK"	"OSMOTIC RESISTANCE"	"BETWEEN"	"12"	"17.5"	"Kuantitatif"	"Dewasa"	"Semua"	"718-7"	"g/dL"	"CLSI H20-A2"	"VERIFIED"	"Penetapan analit kuantitatif OSMOTIC RESISTANCE mengacu pada panduan baku ISO 15189."
"ODL1001-RGN-0012"	"RASIO TI"	"I/T RATIO"	"BETWEEN"	"12"	"17.5"	"Kuantitatif"	"Dewasa"	"Semua"	"718-7"	"g/dL"	"CLSI H20-A2"	"VERIFIED"	"Penetapan analit kuantitatif I/T RATIO mengacu pada panduan baku ISO 15189."
"ODL1001-RGN-0013"	"BADAN INKLUSI HB H"	"BADAN INKLUSI HB H"	"BETWEEN"	"12"	"17.5"	"Kuantitatif"	"Dewasa"	"Semua"	"718-7"	"g/dL"	"CLSI H20-A2"	"VERIFIED"	"Penetapan analit kuantitatif BADAN INKLUSI HB H mengacu pada panduan baku ISO 15189."
"ODL1001-RGN-0014"	"LE REAKSI"	"LE REAKSI"	"BETWEEN"	"12"	"17.5"	"Kuantitatif"	"Dewasa"	"Semua"	"718-7"	"g/dL"	"CLSI H20-A2"	"VERIFIED"	"Penetapan analit kuantitatif LE REAKSI mengacu pada panduan baku ISO 15189."
"ODL1001-SPI-0001"	"MALARIA"	"MALARIA"	"BETWEEN"	"12"	"17.5"	"Kuantitatif"	"Dewasa"	"Semua"	"718-7"	"g/dL"	"CLSI H20-A2"	"VERIFIED"	"Penetapan analit kuantitatif MALARIA mengacu pada panduan baku ISO 15189."
"ODL1001-SPI-0002"	"MALARIA CEPAT (ICT)"	"MALARIA RAPID"	"BETWEEN"	"12"	"17.5"	"Kuantitatif"	"Dewasa"	"Semua"	"718-7"	"g/dL"	"CLSI H20-A2"	"VERIFIED"	"Penetapan analit kuantitatif MALARIA RAPID mengacu pada panduan baku ISO 15189."
"ODL1001-SPI-0003"	"MIKROFILARIA"	"MIKROFILARIA"	"BETWEEN"	"12"	"17.5"	"Kuantitatif"	"Dewasa"	"Semua"	"718-7"	"g/dL"	"CLSI H20-A2"	"VERIFIED"	"Penetapan analit kuantitatif MIKROFILARIA mengacu pada panduan baku ISO 15189."
"ODL1001-SPI-0004"	"GOLONGAN DARAH & RHESUS"	"BLOOD TYPE & RHESUS"	"BETWEEN"	"12"	"17.5"	"Kuantitatif"	"Dewasa"	"Semua"	"718-7"	"g/dL"	"CLSI H20-A2"	"VERIFIED"	"Penetapan analit kuantitatif BLOOD TYPE & RHESUS mengacu pada panduan baku ISO 15189."
"ODL1001-SPI-0005"	"TES COOMBS"	"COOMBS TEST"	"BETWEEN"	"12"	"17.5"	"Kuantitatif"	"Dewasa"	"Semua"	"718-7"	"g/dL"	"CLSI H20-A2"	"VERIFIED"	"Penetapan analit kuantitatif COOMBS TEST mengacu pada panduan baku ISO 15189."
"ODL1001-SPI-0006"	"ANTIKOAGULAN LUPUS"	"LUPUS ANTICOAGULAN"	"BETWEEN"	"12"	"17.5"	"Kuantitatif"	"Dewasa"	"Semua"	"718-7"	"g/dL"	"CLSI H20-A2"	"VERIFIED"	"Penetapan analit kuantitatif LUPUS ANTICOAGULAN mengacu pada panduan baku ISO 15189."
"ODL1001-THL-0001"	"SKRINING G6PD (NEONATUS)"	"G6PD SCREENING"	"BETWEEN"	"12"	"17.5"	"Kuantitatif"	"Dewasa"	"Semua"	"718-7"	"g/dL"	"CLSI H20-A2"	"VERIFIED"	"Penetapan analit kuantitatif G6PD SCREENING mengacu pada panduan baku ISO 15189."
"ODL1001-THL-0002"	"G6PD (ERITROSIT) KUANTITATIF"	"G6PD  KUANTITATIVE"	"BETWEEN"	"12"	"17.5"	"Kuantitatif"	"Dewasa"	"Semua"	"718-7"	"g/dL"	"CLSI H20-A2"	"VERIFIED"	"Penetapan analit kuantitatif G6PD  KUANTITATIVE mengacu pada panduan baku ISO 15189."
"ODL1001-THL-0003"	"ELEKTROFORESIS HB / ANALISIS HB"	"HB ELECTROPHORESIS / HB ANALYSIS"	"BETWEEN"	"12"	"17.5"	"Kuantitatif"	"Dewasa"	"Semua"	"718-7"	"g/dL"	"CLSI H20-A2"	"VERIFIED"	"Penetapan analit kuantitatif HB ELECTROPHORESIS / HB ANALYSIS mengacu pada panduan baku ISO 15189."
"ODL1001-THL-0004"	"SKRINING PANEL TALASEMIA (FBC, GDT, HB EF, SI-TIBC, FERRITIN)"	"SKRINING Parameter"	"BETWEEN"	"12"	"17.5"	"Kuantitatif"	"Dewasa"	"Semua"	"718-7"	"g/dL"	"CLSI H20-A2"	"VERIFIED"	"Penetapan analit kuantitatif SKRINING Parameter mengacu pada panduan baku ISO 15189."
"ODL1001-THL-0005"	"ERITROPOIETIN"	"ERYTHROPOIETIN"	"BETWEEN"	"12"	"17.5"	"Kuantitatif"	"Dewasa"	"Semua"	"718-7"	"g/dL"	"CLSI H20-A2"	"VERIFIED"	"Penetapan analit kuantitatif ERYTHROPOIETIN mengacu pada panduan baku ISO 15189."
"ODL1001-COA-0001"	"WAKTU BERDARAH (BT)"	"BLEEDING TIME"	"BETWEEN"	"12"	"17.5"	"Kuantitatif"	"Dewasa"	"Semua"	"718-7"	"g/dL"	"CLSI H20-A2"	"VERIFIED"	"Penetapan analit kuantitatif BLEEDING TIME mengacu pada panduan baku ISO 15189."
"ODL1001-COA-0002"	"WAKTU PEMBEKUAN (CT)"	"CLOTTING TIME"	"BETWEEN"	"12"	"17.5"	"Kuantitatif"	"Dewasa"	"Semua"	"718-7"	"g/dL"	"CLSI H20-A2"	"VERIFIED"	"Penetapan analit kuantitatif CLOTTING TIME mengacu pada panduan baku ISO 15189."
"ODL1001-COA-0003"	"WAKTU PROTROMBIN (PT)-INR"	"PROTHROMBIN TIME -INR"	"BETWEEN"	"12"	"17.5"	"Kuantitatif"	"Dewasa"	"Semua"	"718-7"	"g/dL"	"CLSI H20-A2"	"VERIFIED"	"Penetapan analit kuantitatif PROTHROMBIN TIME -INR mengacu pada panduan baku ISO 15189."
"ODL1001-COA-0004"	"WAKTU TROMBOPLASTIN PARSIAL TERAKTIFKAN (APTT)"	"ACTIVATED PARTIAL THROMBOPLASTIN TIME"	"BETWEEN"	"12"	"17.5"	"Kuantitatif"	"Dewasa"	"Semua"	"718-7"	"g/dL"	"CLSI H20-A2"	"VERIFIED"	"Penetapan analit kuantitatif ACTIVATED PARTIAL THROMBOPLASTIN TIME mengacu pada panduan baku ISO 15189."
"ODL1001-COA-0005"	"WAKTU TROMBIN (TT)"	"THROMBIN TIME"	"BETWEEN"	"12"	"17.5"	"Kuantitatif"	"Dewasa"	"Semua"	"718-7"	"g/dL"	"CLSI H20-A2"	"VERIFIED"	"Penetapan analit kuantitatif THROMBIN TIME mengacu pada panduan baku ISO 15189."
"ODL1001-COA-0006"	"WAKTU TROMBIN SERIAL (STT)"	"SERIAL THROMBINE TIME"	"BETWEEN"	"12"	"17.5"	"Kuantitatif"	"Dewasa"	"Semua"	"718-7"	"g/dL"	"CLSI H20-A2"	"VERIFIED"	"Penetapan analit kuantitatif SERIAL THROMBINE TIME mengacu pada panduan baku ISO 15189."
"ODL1001-COA-0007"	"TES AGREGASI TROMBOSIT TAT"	"TAT-PLATELET AGGREGATION TEST"	"BETWEEN"	"12"	"17.5"	"Kuantitatif"	"Dewasa"	"Semua"	"718-7"	"g/dL"	"CLSI H20-A2"	"VERIFIED"	"Penetapan analit kuantitatif TAT-PLATELET AGGREGATION TEST mengacu pada panduan baku ISO 15189."
"ODL1001-COA-0008"	"DI III"	"AT III"	"BETWEEN"	"12"	"17.5"	"Kuantitatif"	"Dewasa"	"Semua"	"718-7"	"g/dL"	"CLSI H20-A2"	"VERIFIED"	"Penetapan analit kuantitatif AT III mengacu pada panduan baku ISO 15189."
"ODL1001-COA-0009"	"ANTI HA"	"ANTI XA"	"BETWEEN"	"12"	"17.5"	"Kuantitatif"	"Dewasa"	"Semua"	"718-7"	"g/dL"	"CLSI H20-A2"	"VERIFIED"	"Penetapan analit kuantitatif ANTI XA mengacu pada panduan baku ISO 15189."
"ODL1001-COA-0010"	"UJI FAKTOR VII"	"FACTOR VII ASSAY"	"BETWEEN"	"12"	"17.5"	"Kuantitatif"	"Dewasa"	"Semua"	"718-7"	"g/dL"	"CLSI H20-A2"	"VERIFIED"	"Penetapan analit kuantitatif FACTOR VII ASSAY mengacu pada panduan baku ISO 15189."
"ODL1001-COA-0011"	"INHIBITOR FAKTOR VIII"	"FAKTOR VIII INHIBITOR"	"BETWEEN"	"12"	"17.5"	"Kuantitatif"	"Dewasa"	"Semua"	"718-7"	"g/dL"	"CLSI H20-A2"	"VERIFIED"	"Penetapan analit kuantitatif FAKTOR VIII INHIBITOR mengacu pada panduan baku ISO 15189."
"ODL1001-COA-0012"	"UJI FAKTOR IX"	"FACTOR IX ASSAY"	"BETWEEN"	"12"	"17.5"	"Kuantitatif"	"Dewasa"	"Semua"	"718-7"	"g/dL"	"CLSI H20-A2"	"VERIFIED"	"Penetapan analit kuantitatif FACTOR IX ASSAY mengacu pada panduan baku ISO 15189."
"ODL1001-COA-0013"	"PROTEIN C"	"PROTEIN C"	"BETWEEN"	"12"	"17.5"	"Kuantitatif"	"Dewasa"	"Semua"	"718-7"	"g/dL"	"CLSI H20-A2"	"VERIFIED"	"Penetapan analit kuantitatif PROTEIN C mengacu pada panduan baku ISO 15189."
"ODL1001-COA-0014"	"PROTEIN S"	"PROTEIN S"	"BETWEEN"	"12"	"17.5"	"Kuantitatif"	"Dewasa"	"Semua"	"718-7"	"g/dL"	"CLSI H20-A2"	"VERIFIED"	"Penetapan analit kuantitatif PROTEIN S mengacu pada panduan baku ISO 15189."
"ODL1001-COA-0015"	"FAKTOR VON WILLEBRAND"	"VON WILLEBRAND FACTOR"	"BETWEEN"	"12"	"17.5"	"Kuantitatif"	"Dewasa"	"Semua"	"718-7"	"g/dL"	"CLSI H20-A2"	"VERIFIED"	"Penetapan analit kuantitatif VON WILLEBRAND FACTOR mengacu pada panduan baku ISO 15189."
"ODL1001-COA-0016"	"FIBRINOGEN"	"FIBRINOGEN"	"BETWEEN"	"12"	"17.5"	"Kuantitatif"	"Dewasa"	"Semua"	"718-7"	"g/dL"	"CLSI H20-A2"	"VERIFIED"	"Penetapan analit kuantitatif FIBRINOGEN mengacu pada panduan baku ISO 15189."
"ODL1001-COA-0017"	"D-DIMER"	"D-DIMER"	"BETWEEN"	"12"	"17.5"	"Kuantitatif"	"Dewasa"	"Semua"	"718-7"	"g/dL"	"CLSI H20-A2"	"VERIFIED"	"Penetapan analit kuantitatif D-DIMER mengacu pada panduan baku ISO 15189."
"ODL1001-COA-0018"	"VISCOSITAS DARAH"	"VISCOSITAS DARAH"	"BETWEEN"	"12"	"17.5"	"Kuantitatif"	"Dewasa"	"Semua"	"718-7"	"g/dL"	"CLSI H20-A2"	"VERIFIED"	"Penetapan analit kuantitatif VISCOSITAS DARAH mengacu pada panduan baku ISO 15189."
"ODL1001-COA-0019"	"VISCOSITAS PLASMA"	"VISCOSITAS PLASMA"	"BETWEEN"	"12"	"17.5"	"Kuantitatif"	"Dewasa"	"Semua"	"718-7"	"g/dL"	"CLSI H20-A2"	"VERIFIED"	"Penetapan analit kuantitatif VISCOSITAS PLASMA mengacu pada panduan baku ISO 15189."
"ODL1001-COA-0020"	"INHIBITOR AKTIVATOR PLASMINOGEN (PAI)"	"PLASMINOGEN ACTIVATOR INHIBITOR"	"BETWEEN"	"12"	"17.5"	"Kuantitatif"	"Dewasa"	"Semua"	"718-7"	"g/dL"	"CLSI H20-A2"	"VERIFIED"	"Penetapan analit kuantitatif PLASMINOGEN ACTIVATOR INHIBITOR mengacu pada panduan baku ISO 15189."
"ODL1001-ONC-0001"	"LIMFOSIT T PEMBANTU (CD4)"	"LYMPHOCYTE T HELPER"	"BETWEEN"	"12"	"17.5"	"Kuantitatif"	"Dewasa"	"Semua"	"718-7"	"g/dL"	"CLSI H20-A2"	"VERIFIED"	"Penetapan analit kuantitatif LYMPHOCYTE T HELPER mengacu pada panduan baku ISO 15189."
"ODL1001-ONC-0002"	"SUPPRESOR LIMFOSIT T (CD8)"	"LYMPHOCYTE T SUPPRESOR"	"BETWEEN"	"12"	"17.5"	"Kuantitatif"	"Dewasa"	"Semua"	"718-7"	"g/dL"	"CLSI H20-A2"	"VERIFIED"	"Penetapan analit kuantitatif LYMPHOCYTE T SUPPRESOR mengacu pada panduan baku ISO 15189."
"ODL1001-ONC-0003"	"SUBSET LIMFOIT"	"LYMPHOCYTE SUBSET"	"BETWEEN"	"12"	"17.5"	"Kuantitatif"	"Dewasa"	"Semua"	"718-7"	"g/dL"	"CLSI H20-A2"	"VERIFIED"	"Penetapan analit kuantitatif LYMPHOCYTE SUBSET mengacu pada panduan baku ISO 15189."
"ODL1001-ONC-0004"	"MORFOLOGI BMP"	"BMP MORPHOLOGY"	"BETWEEN"	"12"	"17.5"	"Kuantitatif"	"Dewasa"	"Semua"	"718-7"	"g/dL"	"CLSI H20-A2"	"VERIFIED"	"Penetapan analit kuantitatif BMP MORPHOLOGY mengacu pada panduan baku ISO 15189."
"ODL1001-ONC-0005"	"FENOTIPE LEUKEMIA"	"LEUKEMIA PHENOTYPING"	"BETWEEN"	"12"	"17.5"	"Kuantitatif"	"Dewasa"	"Semua"	"718-7"	"g/dL"	"CLSI H20-A2"	"VERIFIED"	"Penetapan analit kuantitatif LEUKEMIA PHENOTYPING mengacu pada panduan baku ISO 15189."
"ODL1001-ONC-0006"	"ANTIBODI TROMBOSITU (ANTIBODI TROMBOSIT)"	"THROMBOCYTE ANTIBODY"	"BETWEEN"	"12"	"17.5"	"Kuantitatif"	"Dewasa"	"Semua"	"718-7"	"g/dL"	"CLSI H20-A2"	"VERIFIED"	"Penetapan analit kuantitatif THROMBOCYTE ANTIBODY mengacu pada panduan baku ISO 15189."
"ODL1001-ONC-0007"	"SUDAN BLACK B (SBB)"	"SUDAN BLACK B"	"BETWEEN"	"12"	"17.5"	"Kuantitatif"	"Dewasa"	"Semua"	"718-7"	"g/dL"	"CLSI H20-A2"	"VERIFIED"	"Penetapan analit kuantitatif SUDAN BLACK B mengacu pada panduan baku ISO 15189."
"ODL1001-ONC-0008"	"CD4-CD8"	"CD4-CD8"	"BETWEEN"	"12"	"17.5"	"Kuantitatif"	"Dewasa"	"Semua"	"718-7"	"g/dL"	"CLSI H20-A2"	"VERIFIED"	"Penetapan analit kuantitatif CD4-CD8 mengacu pada panduan baku ISO 15189."
"ODL1001-ONC-0009"	"PENYAKIT RESIDUAL MINIMAL (MRD)"	"MINIMAL RESIDUAL DISEASE"	"BETWEEN"	"12"	"17.5"	"Kuantitatif"	"Dewasa"	"Semua"	"718-7"	"g/dL"	"CLSI H20-A2"	"VERIFIED"	"Penetapan analit kuantitatif MINIMAL RESIDUAL DISEASE mengacu pada panduan baku ISO 15189."
"ODL1001-PLT-0001"	"TES P2Y12"	"P2Y12 TEST"	"BETWEEN"	"12"	"17.5"	"Kuantitatif"	"Dewasa"	"Semua"	"718-7"	"g/dL"	"CLSI H20-A2"	"VERIFIED"	"Penetapan analit kuantitatif P2Y12 TEST mengacu pada panduan baku ISO 15189."
"ODL1001-PLT-0002"	"TES ASPIRIN"	"ASPIRIN TEST"	"BETWEEN"	"12"	"17.5"	"Kuantitatif"	"Dewasa"	"Semua"	"718-7"	"g/dL"	"CLSI H20-A2"	"VERIFIED"	"Penetapan analit kuantitatif ASPIRIN TEST mengacu pada panduan baku ISO 15189."
"ODL1001-CMO-0001"	"ANALISIS KROMOSOM (CAIRAN AMNIOTIK)"	"CHROMOSOME ANALYSIS"	"BETWEEN"	"12"	"17.5"	"Kuantitatif"	"Dewasa"	"Semua"	"718-7"	"g/dL"	"CLSI H20-A2"	"VERIFIED"	"Penetapan analit kuantitatif CHROMOSOME ANALYSIS mengacu pada panduan baku ISO 15189."
"ODL1001-CMO-0002"	"ANALISIS KROMOSOM (DARAH)"	"CHROMOSOME ANALYSIS"	"BETWEEN"	"12"	"17.5"	"Kuantitatif"	"Dewasa"	"Semua"	"718-7"	"g/dL"	"CLSI H20-A2"	"VERIFIED"	"Penetapan analit kuantitatif CHROMOSOME ANALYSIS mengacu pada panduan baku ISO 15189."
"ODL1001-CMO-0003"	"ANALISIS TES KEPATENAN (DARAH)"	"PATERNITY TEST ANALYSIS"	"BETWEEN"	"12"	"17.5"	"Kuantitatif"	"Dewasa"	"Semua"	"718-7"	"g/dL"	"CLSI H20-A2"	"VERIFIED"	"Penetapan analit kuantitatif PATERNITY TEST ANALYSIS mengacu pada panduan baku ISO 15189."
"ODL1002-LVR-0001"	"TOTAL BILIRUBIN"	"BILIRUBIN TOTAL"	"BETWEEN"	"0"	"100"	"Kuantitatif"	"Dewasa"	"Semua"	"1000-0"	"U/L"	"IFU Kit Reagen"	"VERIFIED"	"Penetapan analit kuantitatif BILIRUBIN TOTAL mengacu pada panduan baku ISO 15189."
"ODL1002-LVR-0002"	"BILIRUBIN LANGSUNG"	"BILIRUBIN DIRECT"	"BETWEEN"	"0"	"100"	"Kuantitatif"	"Dewasa"	"Semua"	"1000-0"	"U/L"	"IFU Kit Reagen"	"VERIFIED"	"Penetapan analit kuantitatif BILIRUBIN DIRECT mengacu pada panduan baku ISO 15189."
"ODL1002-LVR-0003"	"BILIRUBIN TOTAL DIREK INDIREK"	"BILIRUBIN TOTAL DIREK INDIREK"	"BETWEEN"	"0"	"100"	"Kuantitatif"	"Dewasa"	"Semua"	"1000-0"	"U/L"	"IFU Kit Reagen"	"VERIFIED"	"Penetapan analit kuantitatif BILIRUBIN TOTAL DIREK INDIREK mengacu pada panduan baku ISO 15189."
"ODL1002-LVR-0004"	"SGOT / AST"	"SGOT / AST"	"BETWEEN"	"0"	"100"	"Kuantitatif"	"Dewasa"	"Semua"	"1000-0"	"U/L"	"IFU Kit Reagen"	"VERIFIED"	"Penetapan analit kuantitatif SGOT / AST mengacu pada panduan baku ISO 15189."
"ODL1002-LVR-0005"	"SGPT / ALT"	"SGPT / ALT"	"BETWEEN"	"0"	"100"	"Kuantitatif"	"Dewasa"	"Semua"	"1000-0"	"U/L"	"IFU Kit Reagen"	"VERIFIED"	"Penetapan analit kuantitatif SGPT / ALT mengacu pada panduan baku ISO 15189."
"ODL1002-LVR-0006"	"FOSFATASE ALKALIN"	"ALKALINE PHOSPHATASE"	"BETWEEN"	"0"	"100"	"Kuantitatif"	"Dewasa"	"Semua"	"1000-0"	"U/L"	"IFU Kit Reagen"	"VERIFIED"	"Penetapan analit kuantitatif ALKALINE PHOSPHATASE mengacu pada panduan baku ISO 15189."
"ODL1002-LVR-0007"	"GAMMA GT (GGT)"	"GAMMA GT"	"BETWEEN"	"0"	"100"	"Kuantitatif"	"Dewasa"	"Semua"	"1000-0"	"U/L"	"IFU Kit Reagen"	"VERIFIED"	"Penetapan analit kuantitatif GAMMA GT mengacu pada panduan baku ISO 15189."
"ODL1002-LVR-0008"	"ALBUMIN"	"ALBUMIN"	"BETWEEN"	"0"	"100"	"Kuantitatif"	"Dewasa"	"Semua"	"1000-0"	"U/L"	"IFU Kit Reagen"	"VERIFIED"	"Penetapan analit kuantitatif ALBUMIN mengacu pada panduan baku ISO 15189."
"ODL1002-LVR-0009"	"PROTEIN TOTAL"	"TOTAL PROTEIN"	"BETWEEN"	"0"	"100"	"Kuantitatif"	"Dewasa"	"Semua"	"1000-0"	"U/L"	"IFU Kit Reagen"	"VERIFIED"	"Penetapan analit kuantitatif TOTAL PROTEIN mengacu pada panduan baku ISO 15189."
"ODL1002-LVR-0010"	"GLOBULIN"	"GLOBULIN"	"BETWEEN"	"0"	"100"	"Kuantitatif"	"Dewasa"	"Semua"	"1000-0"	"U/L"	"IFU Kit Reagen"	"VERIFIED"	"Penetapan analit kuantitatif GLOBULIN mengacu pada panduan baku ISO 15189."
"ODL1002-LVR-0011"	"KOLINESTERASE (CHE)"	"CHOLINESTERASE"	"BETWEEN"	"0"	"100"	"Kuantitatif"	"Dewasa"	"Semua"	"1000-0"	"U/L"	"IFU Kit Reagen"	"VERIFIED"	"Penetapan analit kuantitatif CHOLINESTERASE mengacu pada panduan baku ISO 15189."
"ODL1002-LVR-0012"	"ASAM EMPEDU"	"BILE ACID"	"BETWEEN"	"0"	"100"	"Kuantitatif"	"Dewasa"	"Semua"	"1000-0"	"U/L"	"IFU Kit Reagen"	"VERIFIED"	"Penetapan analit kuantitatif BILE ACID mengacu pada panduan baku ISO 15189."
"ODL1002-LVR-0013"	"ELEKTROFORESIS PROTEIN"	"PROTEIN ELECTROPHORESIS"	"BETWEEN"	"0"	"100"	"Kuantitatif"	"Dewasa"	"Semua"	"1000-0"	"U/L"	"IFU Kit Reagen"	"VERIFIED"	"Penetapan analit kuantitatif PROTEIN ELECTROPHORESIS mengacu pada panduan baku ISO 15189."
"ODL1002-HRT-0001"	"CK"	"CK"	"BETWEEN"	"0"	"100"	"Kuantitatif"	"Dewasa"	"Semua"	"1000-0"	"U/L"	"IFU Kit Reagen"	"VERIFIED"	"Penetapan analit kuantitatif CK mengacu pada panduan baku ISO 15189."
"ODL1002-HRT-0002"	"CK-MB"	"CK-MB"	"BETWEEN"	"0"	"100"	"Kuantitatif"	"Dewasa"	"Semua"	"1000-0"	"U/L"	"IFU Kit Reagen"	"VERIFIED"	"Penetapan analit kuantitatif CK-MB mengacu pada panduan baku ISO 15189."
"ODL1002-HRT-0003"	"LDH"	"LDH"	"BETWEEN"	"0"	"100"	"Kuantitatif"	"Dewasa"	"Semua"	"1000-0"	"U/L"	"IFU Kit Reagen"	"VERIFIED"	"Penetapan analit kuantitatif LDH mengacu pada panduan baku ISO 15189."
"ODL1002-HRT-0004"	"TROPONIN T HS"	"TROPONIN T HS"	"BETWEEN"	"0"	"100"	"Kuantitatif"	"Dewasa"	"Semua"	"1000-0"	"U/L"	"IFU Kit Reagen"	"VERIFIED"	"Penetapan analit kuantitatif TROPONIN T HS mengacu pada panduan baku ISO 15189."
"ODL1002-HRT-0005"	"TROPONIN I KUANTITATIF"	"TROPONIN I QUANTITATIVE"	"BETWEEN"	"0"	"100"	"Kuantitatif"	"Dewasa"	"Semua"	"1000-0"	"U/L"	"IFU Kit Reagen"	"VERIFIED"	"Penetapan analit kuantitatif TROPONIN I QUANTITATIVE mengacu pada panduan baku ISO 15189."
"ODL1002-HRT-0006"	"HOMOSISTEIN"	"HOMOCYSTEINE"	"BETWEEN"	"0"	"100"	"Kuantitatif"	"Dewasa"	"Semua"	"1000-0"	"U/L"	"IFU Kit Reagen"	"VERIFIED"	"Penetapan analit kuantitatif HOMOCYSTEINE mengacu pada panduan baku ISO 15189."
"ODL1002-HRT-0007"	"NT-PROBNP"	"NT-PROBNP"	"BETWEEN"	"0"	"100"	"Kuantitatif"	"Dewasa"	"Semua"	"1000-0"	"U/L"	"IFU Kit Reagen"	"VERIFIED"	"Penetapan analit kuantitatif NT-PROBNP mengacu pada panduan baku ISO 15189."
"ODL1002-HRT-0008"	"MIOGLOBIN"	"MYOGLOBIN"	"BETWEEN"	"0"	"100"	"Kuantitatif"	"Dewasa"	"Semua"	"1000-0"	"U/L"	"IFU Kit Reagen"	"VERIFIED"	"Penetapan analit kuantitatif MYOGLOBIN mengacu pada panduan baku ISO 15189."
"ODL1002-HRT-0009"	"CRP SENSITIF TINGGI"	"CRP HIGH SENSITIVE"	"BETWEEN"	"0"	"100"	"Kuantitatif"	"Dewasa"	"Semua"	"1000-0"	"U/L"	"IFU Kit Reagen"	"VERIFIED"	"Penetapan analit kuantitatif CRP HIGH SENSITIVE mengacu pada panduan baku ISO 15189."
"ODL1002-HRT-0010"	"TROPONIN I"	"TROPONIN I"	"BETWEEN"	"0"	"100"	"Kuantitatif"	"Dewasa"	"Semua"	"1000-0"	"U/L"	"IFU Kit Reagen"	"VERIFIED"	"Penetapan analit kuantitatif TROPONIN I mengacu pada panduan baku ISO 15189."
"ODL1002-HRT-0011"	"TROPONIN T"	"TROPONIN T"	"BETWEEN"	"0"	"100"	"Kuantitatif"	"Dewasa"	"Semua"	"1000-0"	"U/L"	"IFU Kit Reagen"	"VERIFIED"	"Penetapan analit kuantitatif TROPONIN T mengacu pada panduan baku ISO 15189."
"ODL1002-RNL-0001"	"UREA"	"UREUM"	"BETWEEN"	"0"	"100"	"Kuantitatif"	"Dewasa"	"Semua"	"1000-0"	"U/L"	"IFU Kit Reagen"	"VERIFIED"	"Penetapan analit kuantitatif UREUM mengacu pada panduan baku ISO 15189."
"ODL1002-RNL-0002"	"KREATININ"	"CREATININE"	"BETWEEN"	"0"	"100"	"Kuantitatif"	"Dewasa"	"Semua"	"1000-0"	"U/L"	"IFU Kit Reagen"	"VERIFIED"	"Penetapan analit kuantitatif CREATININE mengacu pada panduan baku ISO 15189."
"ODL1002-RNL-0003"	"ASAM URAT"	"URIC ACID"	"BETWEEN"	"0"	"100"	"Kuantitatif"	"Dewasa"	"Semua"	"1000-0"	"U/L"	"IFU Kit Reagen"	"VERIFIED"	"Penetapan analit kuantitatif URIC ACID mengacu pada panduan baku ISO 15189."
"ODL1002-RNL-0004"	"SISTATIN C"	"CYSTATIN C"	"BETWEEN"	"0"	"100"	"Kuantitatif"	"Dewasa"	"Semua"	"1000-0"	"U/L"	"IFU Kit Reagen"	"VERIFIED"	"Penetapan analit kuantitatif CYSTATIN C mengacu pada panduan baku ISO 15189."
"ODL1002-RNL-0005"	"CREATININ CLEARENCE (CCT)"	"CREATININ CLEARENCE"	"BETWEEN"	"0"	"100"	"Kuantitatif"	"Dewasa"	"Semua"	"1000-0"	"U/L"	"IFU Kit Reagen"	"VERIFIED"	"Penetapan analit kuantitatif CREATININ CLEARENCE mengacu pada panduan baku ISO 15189."
"ODL1002-RNL-0006"	"KLIRISASI UREA (UCT)"	"UREA CLEARANCE"	"BETWEEN"	"0"	"100"	"Kuantitatif"	"Dewasa"	"Semua"	"1000-0"	"U/L"	"IFU Kit Reagen"	"VERIFIED"	"Penetapan analit kuantitatif UREA CLEARANCE mengacu pada panduan baku ISO 15189."
"ODL1002-DBT-0001"	"GLUKOSA IKLAN ACAK"	"GLUCOSE AD RANDOM"	"BETWEEN"	"0"	"100"	"Kuantitatif"	"Dewasa"	"Semua"	"1000-0"	"U/L"	"IFU Kit Reagen"	"VERIFIED"	"Penetapan analit kuantitatif GLUCOSE AD RANDOM mengacu pada panduan baku ISO 15189."
"ODL1002-DBT-0002"	"PUASA GLUKOSA"	"GLUCOSE FASTING"	"BETWEEN"	"0"	"100"	"Kuantitatif"	"Dewasa"	"Semua"	"1000-0"	"U/L"	"IFU Kit Reagen"	"VERIFIED"	"Penetapan analit kuantitatif GLUCOSE FASTING mengacu pada panduan baku ISO 15189."
"ODL1002-DBT-0003"	"KADAR GLUKOSA 2 JAM SETELAH MAKAN"	"GLUCOSE 2 HOURS POST PRANDIAL"	"BETWEEN"	"0"	"100"	"Kuantitatif"	"Dewasa"	"Semua"	"1000-0"	"U/L"	"IFU Kit Reagen"	"VERIFIED"	"Penetapan analit kuantitatif GLUCOSE 2 HOURS POST PRANDIAL mengacu pada panduan baku ISO 15189."
"ODL1002-DBT-0004"	"KURVA HARIAN GLUKOSA (GDC)"	"GLUCOSE DAILY CURVE"	"BETWEEN"	"0"	"100"	"Kuantitatif"	"Dewasa"	"Semua"	"1000-0"	"U/L"	"IFU Kit Reagen"	"VERIFIED"	"Penetapan analit kuantitatif GLUCOSE DAILY CURVE mengacu pada panduan baku ISO 15189."
"ODL1002-DBT-0005"	"TES TOLERANSI GLUKOSA (GTT)"	"GLUCOSE TOLERANCE TEST"	"BETWEEN"	"0"	"100"	"Kuantitatif"	"Dewasa"	"Semua"	"1000-0"	"U/L"	"IFU Kit Reagen"	"VERIFIED"	"Penetapan analit kuantitatif GLUCOSE TOLERANCE TEST mengacu pada panduan baku ISO 15189."
"ODL1002-DBT-0006"	"GLIKO HB (HBA1C)"	"GLYCO HB"	"BETWEEN"	"0"	"100"	"Kuantitatif"	"Dewasa"	"Semua"	"1000-0"	"U/L"	"IFU Kit Reagen"	"VERIFIED"	"Penetapan analit kuantitatif GLYCO HB mengacu pada panduan baku ISO 15189."
"ODL1002-DBT-0007"	"FRUKTOSAMIN"	"FRUCTOSAMINE"	"BETWEEN"	"0"	"100"	"Kuantitatif"	"Dewasa"	"Semua"	"1000-0"	"U/L"	"IFU Kit Reagen"	"VERIFIED"	"Penetapan analit kuantitatif FRUCTOSAMINE mengacu pada panduan baku ISO 15189."
"ODL1002-DBT-0008"	"ALBUMIN TERGLIKASI"	"GLYCATED ALBUMIN"	"BETWEEN"	"0"	"100"	"Kuantitatif"	"Dewasa"	"Semua"	"1000-0"	"U/L"	"IFU Kit Reagen"	"VERIFIED"	"Penetapan analit kuantitatif GLYCATED ALBUMIN mengacu pada panduan baku ISO 15189."
"ODL1002-DBT-0009"	"BLOOD KETON"	"BLOOD KETON"	"BETWEEN"	"0"	"100"	"Kuantitatif"	"Dewasa"	"Semua"	"1000-0"	"U/L"	"IFU Kit Reagen"	"VERIFIED"	"Penetapan analit kuantitatif BLOOD KETON mengacu pada panduan baku ISO 15189."
"ODL1002-DBT-0010"	"GLUKOSA TOLERANSI TES 2X"	"GLUKOSA TOLERANSI TES 2X"	"BETWEEN"	"0"	"100"	"Kuantitatif"	"Dewasa"	"Semua"	"1000-0"	"U/L"	"IFU Kit Reagen"	"VERIFIED"	"Penetapan analit kuantitatif GLUKOSA TOLERANSI TES 2X mengacu pada panduan baku ISO 15189."
"ODL1002-DBT-0011"	"HOMA-IR"	"HOMA-IR"	"BETWEEN"	"0"	"100"	"Kuantitatif"	"Dewasa"	"Semua"	"1000-0"	"U/L"	"IFU Kit Reagen"	"VERIFIED"	"Penetapan analit kuantitatif HOMA-IR mengacu pada panduan baku ISO 15189."
"ODL1002-PNC-0001"	"AMILASE PANKREAS"	"AMILASE PANCREATIC"	"BETWEEN"	"0"	"100"	"Kuantitatif"	"Dewasa"	"Semua"	"1000-0"	"U/L"	"IFU Kit Reagen"	"VERIFIED"	"Penetapan analit kuantitatif AMILASE PANCREATIC mengacu pada panduan baku ISO 15189."
"ODL1002-PNC-0002"	"LIPASE"	"LIPASE"	"BETWEEN"	"0"	"100"	"Kuantitatif"	"Dewasa"	"Semua"	"1000-0"	"U/L"	"IFU Kit Reagen"	"VERIFIED"	"Penetapan analit kuantitatif LIPASE mengacu pada panduan baku ISO 15189."
"ODL1002-PNC-0003"	"INSULIN"	"INSULIN"	"BETWEEN"	"0"	"100"	"Kuantitatif"	"Dewasa"	"Semua"	"1000-0"	"U/L"	"IFU Kit Reagen"	"VERIFIED"	"Penetapan analit kuantitatif INSULIN mengacu pada panduan baku ISO 15189."
"ODL1002-PNC-0004"	"C-PEPTIDA"	"C-PEPTIDE"	"BETWEEN"	"0"	"100"	"Kuantitatif"	"Dewasa"	"Semua"	"1000-0"	"U/L"	"IFU Kit Reagen"	"VERIFIED"	"Penetapan analit kuantitatif C-PEPTIDE mengacu pada panduan baku ISO 15189."
"ODL1002-PNC-0005"	"INSULIN 2 JAM PP"	"INSULIN 2 JAM PP"	"BETWEEN"	"0"	"100"	"Kuantitatif"	"Dewasa"	"Semua"	"1000-0"	"U/L"	"IFU Kit Reagen"	"VERIFIED"	"Penetapan analit kuantitatif INSULIN 2 JAM PP mengacu pada panduan baku ISO 15189."
"ODL1002-PNC-0006"	"INSULIN SEWAKTU"	"INSULIN SEWAKTU"	"BETWEEN"	"0"	"100"	"Kuantitatif"	"Dewasa"	"Semua"	"1000-0"	"U/L"	"IFU Kit Reagen"	"VERIFIED"	"Penetapan analit kuantitatif INSULIN SEWAKTU mengacu pada panduan baku ISO 15189."
"ODL1002-PNC-0007"	"C-PEPTIDE SEWAKTU"	"C-PEPTIDE SEWAKTU"	"BETWEEN"	"0"	"100"	"Kuantitatif"	"Dewasa"	"Semua"	"1000-0"	"U/L"	"IFU Kit Reagen"	"VERIFIED"	"Penetapan analit kuantitatif C-PEPTIDE SEWAKTU mengacu pada panduan baku ISO 15189."
"ODL1002-PNC-0008"	"C-PEPTIDE 2 JAM PP"	"C-PEPTIDE 2 JAM PP"	"BETWEEN"	"0"	"100"	"Kuantitatif"	"Dewasa"	"Semua"	"1000-0"	"U/L"	"IFU Kit Reagen"	"VERIFIED"	"Penetapan analit kuantitatif C-PEPTIDE 2 JAM PP mengacu pada panduan baku ISO 15189."
"ODL1002-PRL-0001"	"TOTAL KOLESTEROL"	"TOTAL CHOLESTEROL"	"BETWEEN"	"0"	"100"	"Kuantitatif"	"Dewasa"	"Semua"	"1000-0"	"U/L"	"IFU Kit Reagen"	"VERIFIED"	"Penetapan analit kuantitatif TOTAL CHOLESTEROL mengacu pada panduan baku ISO 15189."
"ODL1002-PRL-0002"	"LDL-KOLESTEROL LANGSUNG"	"LDL-CHOLESTEROL DIRECT"	"BETWEEN"	"0"	"100"	"Kuantitatif"	"Dewasa"	"Semua"	"1000-0"	"U/L"	"IFU Kit Reagen"	"VERIFIED"	"Penetapan analit kuantitatif LDL-CHOLESTEROL DIRECT mengacu pada panduan baku ISO 15189."
"ODL1002-PRL-0003"	"HDL-KOLESTEROL LANGSUNG"	"HDL-CHOLESTEROL DIRECT"	"BETWEEN"	"0"	"100"	"Kuantitatif"	"Dewasa"	"Semua"	"1000-0"	"U/L"	"IFU Kit Reagen"	"VERIFIED"	"Penetapan analit kuantitatif HDL-CHOLESTEROL DIRECT mengacu pada panduan baku ISO 15189."
"ODL1002-PRL-0004"	"TRIGLISERIDA"	"TRIGLISERIDA"	"BETWEEN"	"0"	"100"	"Kuantitatif"	"Dewasa"	"Semua"	"1000-0"	"U/L"	"IFU Kit Reagen"	"VERIFIED"	"Penetapan analit kuantitatif TRIGLISERIDA mengacu pada panduan baku ISO 15189."
"ODL1002-PRL-0005"	"RASIO KOLESTEROL TOTAL / HDL"	"RATIO CHOLESTEROL TOTAL / HDL"	"BETWEEN"	"0"	"100"	"Kuantitatif"	"Dewasa"	"Semua"	"1000-0"	"U/L"	"IFU Kit Reagen"	"VERIFIED"	"Penetapan analit kuantitatif RATIO CHOLESTEROL TOTAL / HDL mengacu pada panduan baku ISO 15189."
"ODL1002-PRL-0006"	"TOTAL LIPID"	"TOTAL LIPID"	"BETWEEN"	"0"	"100"	"Kuantitatif"	"Dewasa"	"Semua"	"1000-0"	"U/L"	"IFU Kit Reagen"	"VERIFIED"	"Penetapan analit kuantitatif TOTAL LIPID mengacu pada panduan baku ISO 15189."
"ODL1002-PRL-0007"	"APO-A"	"APO-A"	"BETWEEN"	"0"	"100"	"Kuantitatif"	"Dewasa"	"Semua"	"1000-0"	"U/L"	"IFU Kit Reagen"	"VERIFIED"	"Penetapan analit kuantitatif APO-A mengacu pada panduan baku ISO 15189."
"ODL1002-PRL-0008"	"APO-B"	"APO-B"	"BETWEEN"	"0"	"100"	"Kuantitatif"	"Dewasa"	"Semua"	"1000-0"	"U/L"	"IFU Kit Reagen"	"VERIFIED"	"Penetapan analit kuantitatif APO-B mengacu pada panduan baku ISO 15189."
"ODL1002-PRL-0009"	"LP (A)"	"LP"	"BETWEEN"	"0"	"100"	"Kuantitatif"	"Dewasa"	"Semua"	"1000-0"	"U/L"	"IFU Kit Reagen"	"VERIFIED"	"Penetapan analit kuantitatif LP mengacu pada panduan baku ISO 15189."
"ODL1002-PRL-0010"	"LDL KECIL PADAT"	"SMALL-DENSE LDL"	"BETWEEN"	"0"	"100"	"Kuantitatif"	"Dewasa"	"Semua"	"1000-0"	"U/L"	"IFU Kit Reagen"	"VERIFIED"	"Penetapan analit kuantitatif SMALL-DENSE LDL mengacu pada panduan baku ISO 15189."
"ODL1002-PRL-0011"	"ADIPONECTIN"	"ADIPONECTIN"	"BETWEEN"	"0"	"100"	"Kuantitatif"	"Dewasa"	"Semua"	"1000-0"	"U/L"	"IFU Kit Reagen"	"VERIFIED"	"Penetapan analit kuantitatif ADIPONECTIN mengacu pada panduan baku ISO 15189."
"ODL1002-PRL-0012"	"VLDL"	"VLDL"	"BETWEEN"	"0"	"100"	"Kuantitatif"	"Dewasa"	"Semua"	"1000-0"	"U/L"	"IFU Kit Reagen"	"VERIFIED"	"Penetapan analit kuantitatif VLDL mengacu pada panduan baku ISO 15189."
"ODL1002-PRL-0013"	"ASAM LEMAK BEBAS"	"FREE FATTY ACID"	"BETWEEN"	"0"	"100"	"Kuantitatif"	"Dewasa"	"Semua"	"1000-0"	"U/L"	"IFU Kit Reagen"	"VERIFIED"	"Penetapan analit kuantitatif FREE FATTY ACID mengacu pada panduan baku ISO 15189."
"ODL1002-ELC-0001"	"ANALISIS GAS DARAH"	"BLOOD GAS ANALYSIS"	"BETWEEN"	"0"	"100"	"Kuantitatif"	"Dewasa"	"Semua"	"1000-0"	"U/L"	"IFU Kit Reagen"	"VERIFIED"	"Penetapan analit kuantitatif BLOOD GAS ANALYSIS mengacu pada panduan baku ISO 15189."
"ODL1002-ELC-0002"	"PAKET ELEKTROLIT (NA, K, CL)"	"ELECTROLYTE PACKAGE"	"BETWEEN"	"0"	"100"	"Kuantitatif"	"Dewasa"	"Semua"	"1000-0"	"U/L"	"IFU Kit Reagen"	"VERIFIED"	"Penetapan analit kuantitatif ELECTROLYTE PACKAGE mengacu pada panduan baku ISO 15189."
"ODL1002-ELC-0003"	"NATRIUM (NA)"	"NATRIUM"	"BETWEEN"	"0"	"100"	"Kuantitatif"	"Dewasa"	"Semua"	"1000-0"	"U/L"	"IFU Kit Reagen"	"VERIFIED"	"Penetapan analit kuantitatif NATRIUM mengacu pada panduan baku ISO 15189."
"ODL1002-ELC-0004"	"KALIUM (K)"	"KALIUM"	"BETWEEN"	"0"	"100"	"Kuantitatif"	"Dewasa"	"Semua"	"1000-0"	"U/L"	"IFU Kit Reagen"	"VERIFIED"	"Penetapan analit kuantitatif KALIUM mengacu pada panduan baku ISO 15189."
"ODL1002-ELC-0005"	"KLORIDA (CL)"	"CHLORIDE"	"BETWEEN"	"0"	"100"	"Kuantitatif"	"Dewasa"	"Semua"	"1000-0"	"U/L"	"IFU Kit Reagen"	"VERIFIED"	"Penetapan analit kuantitatif CHLORIDE mengacu pada panduan baku ISO 15189."
"ODL1002-ELC-0006"	"KALSIUM TOTAL"	"CALCIUM TOTAL"	"BETWEEN"	"0"	"100"	"Kuantitatif"	"Dewasa"	"Semua"	"1000-0"	"U/L"	"IFU Kit Reagen"	"VERIFIED"	"Penetapan analit kuantitatif CALCIUM TOTAL mengacu pada panduan baku ISO 15189."
"ODL1002-ELC-0007"	"ION KALSIUM"	"CALCIUM ION"	"BETWEEN"	"0"	"100"	"Kuantitatif"	"Dewasa"	"Semua"	"1000-0"	"U/L"	"IFU Kit Reagen"	"VERIFIED"	"Penetapan analit kuantitatif CALCIUM ION mengacu pada panduan baku ISO 15189."
"ODL1002-ELC-0008"	"FOSFOR ANORGANIK"	"PHOSPHOR ANORGANIC"	"BETWEEN"	"0"	"100"	"Kuantitatif"	"Dewasa"	"Semua"	"1000-0"	"U/L"	"IFU Kit Reagen"	"VERIFIED"	"Penetapan analit kuantitatif PHOSPHOR ANORGANIC mengacu pada panduan baku ISO 15189."
"ODL1002-ELC-0009"	"MAGNESIUM"	"MAGNESIUM"	"BETWEEN"	"0"	"100"	"Kuantitatif"	"Dewasa"	"Semua"	"1000-0"	"U/L"	"IFU Kit Reagen"	"VERIFIED"	"Penetapan analit kuantitatif MAGNESIUM mengacu pada panduan baku ISO 15189."
"ODL1002-ELC-0010"	"OSMOLARITAS PLASMA"	"OSMOLARITY PLASMA"	"BETWEEN"	"0"	"100"	"Kuantitatif"	"Dewasa"	"Semua"	"1000-0"	"U/L"	"IFU Kit Reagen"	"VERIFIED"	"Penetapan analit kuantitatif OSMOLARITY PLASMA mengacu pada panduan baku ISO 15189."
"ODL1002-ELC-0011"	"BIKARBONAT"	"BICARBONAT"	"BETWEEN"	"0"	"100"	"Kuantitatif"	"Dewasa"	"Semua"	"1000-0"	"U/L"	"IFU Kit Reagen"	"VERIFIED"	"Penetapan analit kuantitatif BICARBONAT mengacu pada panduan baku ISO 15189."
"ODL1002-SPM-0001"	"BIR II"	"PIVKA II"	"BETWEEN"	"0"	"100"	"Kuantitatif"	"Dewasa"	"Semua"	"1000-0"	"U/L"	"IFU Kit Reagen"	"VERIFIED"	"Penetapan analit kuantitatif PIVKA II mengacu pada panduan baku ISO 15189."
"ODL1002-SPM-0002"	"ASAM LAKTAT"	"LACTIC ACID"	"BETWEEN"	"0"	"100"	"Kuantitatif"	"Dewasa"	"Semua"	"1000-0"	"U/L"	"IFU Kit Reagen"	"VERIFIED"	"Penetapan analit kuantitatif LACTIC ACID mengacu pada panduan baku ISO 15189."
"ODL1002-SPM-0003"	"AMONIA"	"AMMONIA"	"BETWEEN"	"0"	"100"	"Kuantitatif"	"Dewasa"	"Semua"	"1000-0"	"U/L"	"IFU Kit Reagen"	"VERIFIED"	"Penetapan analit kuantitatif AMMONIA mengacu pada panduan baku ISO 15189."
"ODL1002-SPM-0004"	"INTERLEUKIN 6 (IL6)"	"INTERLEUKIN 6"	"BETWEEN"	"0"	"100"	"Kuantitatif"	"Dewasa"	"Semua"	"1000-0"	"U/L"	"IFU Kit Reagen"	"VERIFIED"	"Penetapan analit kuantitatif INTERLEUKIN 6 mengacu pada panduan baku ISO 15189."
"ODL1002-SPM-0005"	"SERUM BESI"	"SERUM IRON"	"BETWEEN"	"0"	"100"	"Kuantitatif"	"Dewasa"	"Semua"	"1000-0"	"U/L"	"IFU Kit Reagen"	"VERIFIED"	"Penetapan analit kuantitatif SERUM IRON mengacu pada panduan baku ISO 15189."
"ODL1002-SPM-0006"	"TIBC"	"TIBC"	"BETWEEN"	"0"	"100"	"Kuantitatif"	"Dewasa"	"Semua"	"1000-0"	"U/L"	"IFU Kit Reagen"	"VERIFIED"	"Penetapan analit kuantitatif TIBC mengacu pada panduan baku ISO 15189."
"ODL1002-SPM-0007"	"FERRITIN"	"FERRITIN"	"BETWEEN"	"0"	"100"	"Kuantitatif"	"Dewasa"	"Semua"	"1000-0"	"U/L"	"IFU Kit Reagen"	"VERIFIED"	"Penetapan analit kuantitatif FERRITIN mengacu pada panduan baku ISO 15189."
"ODL1002-SPM-0008"	"TRANSFER"	"TRANSFERIN"	"BETWEEN"	"0"	"100"	"Kuantitatif"	"Dewasa"	"Semua"	"1000-0"	"U/L"	"IFU Kit Reagen"	"VERIFIED"	"Penetapan analit kuantitatif TRANSFERIN mengacu pada panduan baku ISO 15189."
"ODL1002-SPM-0009"	"RANTAI LAMPU GRATIS"	"FREE LIGHT CHAIN"	"BETWEEN"	"0"	"100"	"Kuantitatif"	"Dewasa"	"Semua"	"1000-0"	"U/L"	"IFU Kit Reagen"	"VERIFIED"	"Penetapan analit kuantitatif FREE LIGHT CHAIN mengacu pada panduan baku ISO 15189."
"ODL1002-SPM-0010"	"IMUNOFIKSASI DARAH"	"IMUNOFIKSASI DARAH"	"BETWEEN"	"0"	"100"	"Kuantitatif"	"Dewasa"	"Semua"	"1000-0"	"U/L"	"IFU Kit Reagen"	"VERIFIED"	"Penetapan analit kuantitatif IMUNOFIKSASI DARAH mengacu pada panduan baku ISO 15189."
"ODL1002-SPM-0011"	"PERTANDINGAN YANG SUDAH DIREKAM"	"IMUNOFIKSASI URINE"	"BETWEEN"	"0"	"100"	"Kuantitatif"	"Dewasa"	"Semua"	"1000-0"	"U/L"	"IFU Kit Reagen"	"VERIFIED"	"Penetapan analit kuantitatif IMUNOFIKSASI URINE mengacu pada panduan baku ISO 15189."
"ODL1002-DRM-0001"	"AMIKACIN"	"AMIKACIN"	"BETWEEN"	"0"	"100"	"Kuantitatif"	"Dewasa"	"Semua"	"1000-0"	"U/L"	"IFU Kit Reagen"	"VERIFIED"	"Penetapan analit kuantitatif AMIKACIN mengacu pada panduan baku ISO 15189."
"ODL1002-DRM-0002"	"KARBAZEPIN"	"CARBAMAZEPINE"	"BETWEEN"	"0"	"100"	"Kuantitatif"	"Dewasa"	"Semua"	"1000-0"	"U/L"	"IFU Kit Reagen"	"VERIFIED"	"Penetapan analit kuantitatif CARBAMAZEPINE mengacu pada panduan baku ISO 15189."
"ODL1002-DRM-0003"	"SIKLOSPORIN"	"CYCLOSPORINE"	"BETWEEN"	"0"	"100"	"Kuantitatif"	"Dewasa"	"Semua"	"1000-0"	"U/L"	"IFU Kit Reagen"	"VERIFIED"	"Penetapan analit kuantitatif CYCLOSPORINE mengacu pada panduan baku ISO 15189."
"ODL1002-DRM-0004"	"DIGOKSIN"	"DIGOXIN"	"BETWEEN"	"0"	"100"	"Kuantitatif"	"Dewasa"	"Semua"	"1000-0"	"U/L"	"IFU Kit Reagen"	"VERIFIED"	"Penetapan analit kuantitatif DIGOXIN mengacu pada panduan baku ISO 15189."
"ODL1002-DRM-0005"	"FENITOIN"	"PHENYTOIN"	"BETWEEN"	"0"	"100"	"Kuantitatif"	"Dewasa"	"Semua"	"1000-0"	"U/L"	"IFU Kit Reagen"	"VERIFIED"	"Penetapan analit kuantitatif PHENYTOIN mengacu pada panduan baku ISO 15189."
"ODL1002-DRM-0006"	"FENOBARBITAL"	"PHENOBARBITAL"	"BETWEEN"	"0"	"100"	"Kuantitatif"	"Dewasa"	"Semua"	"1000-0"	"U/L"	"IFU Kit Reagen"	"VERIFIED"	"Penetapan analit kuantitatif PHENOBARBITAL mengacu pada panduan baku ISO 15189."
"ODL1002-DRM-0007"	"ASAM VALPROAT"	"VALPROIC ACID"	"BETWEEN"	"0"	"100"	"Kuantitatif"	"Dewasa"	"Semua"	"1000-0"	"U/L"	"IFU Kit Reagen"	"VERIFIED"	"Penetapan analit kuantitatif VALPROIC ACID mengacu pada panduan baku ISO 15189."
"ODL1002-DRM-0008"	"TACROLYMUS"	"TACROLIMUS"	"BETWEEN"	"0"	"100"	"Kuantitatif"	"Dewasa"	"Semua"	"1000-0"	"U/L"	"IFU Kit Reagen"	"VERIFIED"	"Penetapan analit kuantitatif TACROLIMUS mengacu pada panduan baku ISO 15189."
"ODL1002-DRM-0009"	"TEOFILIN"	"THEOPHYLLIN"	"BETWEEN"	"0"	"100"	"Kuantitatif"	"Dewasa"	"Semua"	"1000-0"	"U/L"	"IFU Kit Reagen"	"VERIFIED"	"Penetapan analit kuantitatif THEOPHYLLIN mengacu pada panduan baku ISO 15189."
"ODL1002-DRM-0010"	"BARBITURAT"	"BARBITURAT"	"BETWEEN"	"0"	"100"	"Kuantitatif"	"Dewasa"	"Semua"	"1000-0"	"U/L"	"IFU Kit Reagen"	"VERIFIED"	"Penetapan analit kuantitatif BARBITURAT mengacu pada panduan baku ISO 15189."
"ODL1002-DRM-0011"	"SIROLIMUS"	"SIROLIMUS"	"BETWEEN"	"0"	"100"	"Kuantitatif"	"Dewasa"	"Semua"	"1000-0"	"U/L"	"IFU Kit Reagen"	"VERIFIED"	"Penetapan analit kuantitatif SIROLIMUS mengacu pada panduan baku ISO 15189."
"ODL1002-DRM-0012"	"LEVETIRACETAM"	"LEVETIRACETAM"	"BETWEEN"	"0"	"100"	"Kuantitatif"	"Dewasa"	"Semua"	"1000-0"	"U/L"	"IFU Kit Reagen"	"VERIFIED"	"Penetapan analit kuantitatif LEVETIRACETAM mengacu pada panduan baku ISO 15189."
"ODL1002-DRM-0013"	"GANJA (GC/MS)"	"CANABIS"	"BETWEEN"	"0"	"100"	"Kuantitatif"	"Dewasa"	"Semua"	"1000-0"	"U/L"	"IFU Kit Reagen"	"VERIFIED"	"Penetapan analit kuantitatif CANABIS mengacu pada panduan baku ISO 15189."
"ODL1002-DRM-0014"	"BENZODIAZEPIN ( GC/MS )"	"BENZODIAZEPIN"	"BETWEEN"	"0"	"100"	"Kuantitatif"	"Dewasa"	"Semua"	"1000-0"	"U/L"	"IFU Kit Reagen"	"VERIFIED"	"Penetapan analit kuantitatif BENZODIAZEPIN mengacu pada panduan baku ISO 15189."
"ODL1010-PNL-0001"	"13 JENIS PANEL LOGAM BERAT DAN MINERAL"	"13 Parameter"	"BETWEEN"	"0"	"100"	"Kuantitatif"	"Dewasa"	"Semua"	"1000-0"	"U/L"	"IFU Kit Reagen"	"VERIFIED"	"Penetapan analit kuantitatif 13 Parameter mengacu pada panduan baku ISO 15189."
"ODL1010-HVY-0001"	"ZN SENG"	"ZN ZINC"	"BETWEEN"	"0"	"100"	"Kuantitatif"	"Dewasa"	"Semua"	"1000-0"	"U/L"	"IFU Kit Reagen"	"VERIFIED"	"Penetapan analit kuantitatif ZN ZINC mengacu pada panduan baku ISO 15189."
"ODL1010-HVY-0002"	"HG MERKURI"	"HG MERCURY"	"BETWEEN"	"0"	"100"	"Kuantitatif"	"Dewasa"	"Semua"	"1000-0"	"U/L"	"IFU Kit Reagen"	"VERIFIED"	"Penetapan analit kuantitatif HG MERCURY mengacu pada panduan baku ISO 15189."
"ODL1010-HVY-0003"	"DENGAN TEMBAGA"	"CU COPPER"	"BETWEEN"	"0"	"100"	"Kuantitatif"	"Dewasa"	"Semua"	"1000-0"	"U/L"	"IFU Kit Reagen"	"VERIFIED"	"Penetapan analit kuantitatif CU COPPER mengacu pada panduan baku ISO 15189."
"ODL1010-HVY-0004"	"PB PLUMBUM"	"PB PLUMBUM"	"BETWEEN"	"0"	"100"	"Kuantitatif"	"Dewasa"	"Semua"	"1000-0"	"U/L"	"IFU Kit Reagen"	"VERIFIED"	"Penetapan analit kuantitatif PB PLUMBUM mengacu pada panduan baku ISO 15189."
"ODL1010-HVY-0005"	"AL ALUMUNIUM"	"AL ALUMUNIUM"	"BETWEEN"	"0"	"100"	"Kuantitatif"	"Dewasa"	"Semua"	"1000-0"	"U/L"	"IFU Kit Reagen"	"VERIFIED"	"Penetapan analit kuantitatif AL ALUMUNIUM mengacu pada panduan baku ISO 15189."
"ODL1010-HVY-0006"	"SEBAGAI ARSEN"	"AS ARSEN"	"BETWEEN"	"0"	"100"	"Kuantitatif"	"Dewasa"	"Semua"	"1000-0"	"U/L"	"IFU Kit Reagen"	"VERIFIED"	"Penetapan analit kuantitatif AS ARSEN mengacu pada panduan baku ISO 15189."
"ODL1010-HVY-0007"	"SE SELENIUM"	"SE SELENIUM"	"BETWEEN"	"0"	"100"	"Kuantitatif"	"Dewasa"	"Semua"	"1000-0"	"U/L"	"IFU Kit Reagen"	"VERIFIED"	"Penetapan analit kuantitatif SE SELENIUM mengacu pada panduan baku ISO 15189."
"ODL1010-HVY-0008"	"MN EAT"	"MN MANGAN"	"BETWEEN"	"0"	"100"	"Kuantitatif"	"Dewasa"	"Semua"	"1000-0"	"U/L"	"IFU Kit Reagen"	"VERIFIED"	"Penetapan analit kuantitatif MN MANGAN mengacu pada panduan baku ISO 15189."
"ODL1010-HVY-0009"	"CO COBALT"	"CO COBALT"	"BETWEEN"	"0"	"100"	"Kuantitatif"	"Dewasa"	"Semua"	"1000-0"	"U/L"	"IFU Kit Reagen"	"VERIFIED"	"Penetapan analit kuantitatif CO COBALT mengacu pada panduan baku ISO 15189."
"ODL1010-HVY-0010"	"CD KADMIUM"	"CD CADMIUM"	"BETWEEN"	"0"	"100"	"Kuantitatif"	"Dewasa"	"Semua"	"1000-0"	"U/L"	"IFU Kit Reagen"	"VERIFIED"	"Penetapan analit kuantitatif CD CADMIUM mengacu pada panduan baku ISO 15189."
"ODL1010-HVY-0011"	"OLEH NICKEL"	"NI NICKEL"	"BETWEEN"	"0"	"100"	"Kuantitatif"	"Dewasa"	"Semua"	"1000-0"	"U/L"	"IFU Kit Reagen"	"VERIFIED"	"Penetapan analit kuantitatif NI NICKEL mengacu pada panduan baku ISO 15189."
"ODL1010-HVY-0012"	"KROMIUM CR"	"CR CHROMIUM"	"BETWEEN"	"0"	"100"	"Kuantitatif"	"Dewasa"	"Semua"	"1000-0"	"U/L"	"IFU Kit Reagen"	"VERIFIED"	"Penetapan analit kuantitatif CR CHROMIUM mengacu pada panduan baku ISO 15189."
"ODL1010-HVY-0013"	"MOLIBDENUM"	"MO MOLIBDENUM"	"BETWEEN"	"0"	"100"	"Kuantitatif"	"Dewasa"	"Semua"	"1000-0"	"U/L"	"IFU Kit Reagen"	"VERIFIED"	"Penetapan analit kuantitatif MO MOLIBDENUM mengacu pada panduan baku ISO 15189."
"ODL1010-HVY-0014"	"NIKEL URIN"	"NICKEL URINE"	"BETWEEN"	"0"	"100"	"Kuantitatif"	"Dewasa"	"Semua"	"1000-0"	"U/L"	"IFU Kit Reagen"	"VERIFIED"	"Penetapan analit kuantitatif NICKEL URINE mengacu pada panduan baku ISO 15189."
"ODL1010-VIT-0001"	"VITAMIN A"	"VITAMIN A"	"BETWEEN"	"0"	"100"	"Kuantitatif"	"Dewasa"	"Semua"	"1000-0"	"U/L"	"IFU Kit Reagen"	"VERIFIED"	"Penetapan analit kuantitatif VITAMIN A mengacu pada panduan baku ISO 15189."
"ODL1010-VIT-0002"	"VITAMIN C"	"VITAMIN C"	"BETWEEN"	"0"	"100"	"Kuantitatif"	"Dewasa"	"Semua"	"1000-0"	"U/L"	"IFU Kit Reagen"	"VERIFIED"	"Penetapan analit kuantitatif VITAMIN C mengacu pada panduan baku ISO 15189."
"ODL1010-VIT-0003"	"VITAMIN K1 & K2"	"VITAMIN K1 & K2"	"BETWEEN"	"0"	"100"	"Kuantitatif"	"Dewasa"	"Semua"	"1000-0"	"U/L"	"IFU Kit Reagen"	"VERIFIED"	"Penetapan analit kuantitatif VITAMIN K1 & K2 mengacu pada panduan baku ISO 15189."
"ODL1010-VIT-0004"	"VITAMIN E"	"VITAMIN E"	"BETWEEN"	"0"	"100"	"Kuantitatif"	"Dewasa"	"Semua"	"1000-0"	"U/L"	"IFU Kit Reagen"	"VERIFIED"	"Penetapan analit kuantitatif VITAMIN E mengacu pada panduan baku ISO 15189."
"ODL1010-VIT-0005"	"VITAMIN B2"	"VITAMIN B2"	"BETWEEN"	"0"	"100"	"Kuantitatif"	"Dewasa"	"Semua"	"1000-0"	"U/L"	"IFU Kit Reagen"	"VERIFIED"	"Penetapan analit kuantitatif VITAMIN B2 mengacu pada panduan baku ISO 15189."
"ODL1010-VIT-0006"	"VITAMIN B12"	"VITAMIN B12"	"BETWEEN"	"0"	"100"	"Kuantitatif"	"Dewasa"	"Semua"	"1000-0"	"U/L"	"IFU Kit Reagen"	"VERIFIED"	"Penetapan analit kuantitatif VITAMIN B12 mengacu pada panduan baku ISO 15189."
"ODL1010-VIT-0007"	"ASAM FOLAT"	"FOLIC ACID"	"BETWEEN"	"0"	"100"	"Kuantitatif"	"Dewasa"	"Semua"	"1000-0"	"U/L"	"IFU Kit Reagen"	"VERIFIED"	"Penetapan analit kuantitatif FOLIC ACID mengacu pada panduan baku ISO 15189."
"ODL1010-OSA-0001"	"BENZENA"	"BENZENE"	"BETWEEN"	"0"	"100"	"Kuantitatif"	"Dewasa"	"Semua"	"1000-0"	"U/L"	"IFU Kit Reagen"	"VERIFIED"	"Penetapan analit kuantitatif BENZENE mengacu pada panduan baku ISO 15189."
"ODL1010-OSA-0002"	"XYLENE"	"XYLENE"	"BETWEEN"	"0"	"100"	"Kuantitatif"	"Dewasa"	"Semua"	"1000-0"	"U/L"	"IFU Kit Reagen"	"VERIFIED"	"Penetapan analit kuantitatif XYLENE mengacu pada panduan baku ISO 15189."
"ODL1010-OSA-0003"	"TOLUENA"	"TOLUENE"	"BETWEEN"	"0"	"100"	"Kuantitatif"	"Dewasa"	"Semua"	"1000-0"	"U/L"	"IFU Kit Reagen"	"VERIFIED"	"Penetapan analit kuantitatif TOLUENE mengacu pada panduan baku ISO 15189."
"ODL1010-OSA-0004"	"HEKSANA"	"HEKSANA"	"BETWEEN"	"0"	"100"	"Kuantitatif"	"Dewasa"	"Semua"	"1000-0"	"U/L"	"IFU Kit Reagen"	"VERIFIED"	"Penetapan analit kuantitatif HEKSANA mengacu pada panduan baku ISO 15189."
"ODL1010-OSA-0005"	"KADAR ALKOHOL DALAM DARAH"	"ALKOHOL DARAH"	"BETWEEN"	"0"	"100"	"Kuantitatif"	"Dewasa"	"Semua"	"1000-0"	"U/L"	"IFU Kit Reagen"	"VERIFIED"	"Penetapan analit kuantitatif ALKOHOL DARAH mengacu pada panduan baku ISO 15189."
"ODL1010-OSA-0006"	"URIN ALKOHOL"	"ALKOHOL URINE"	"BETWEEN"	"0"	"100"	"Kuantitatif"	"Dewasa"	"Semua"	"1000-0"	"U/L"	"IFU Kit Reagen"	"VERIFIED"	"Penetapan analit kuantitatif ALKOHOL URINE mengacu pada panduan baku ISO 15189."
"ODL1004-HPT-0001"	"HBsAg KUALITATIF"	"HBsAg QUALITATIVE"	"BETWEEN"	"0"	"1"	"Kuantitatif"	"Dewasa"	"Semua"	"22312-3"	"index"	"IFU Kit Reagen"	"VERIFIED"	"Penetapan analit kuantitatif HBsAg QUALITATIVE mengacu pada panduan baku ISO 15189."
"ODL1004-HPT-0002"	"HBsAg KUANTITATIF"	"HBsAg QUANTITATIVE"	"BETWEEN"	"0"	"1"	"Kuantitatif"	"Dewasa"	"Semua"	"22312-3"	"index"	"IFU Kit Reagen"	"VERIFIED"	"Penetapan analit kuantitatif HBsAg QUANTITATIVE mengacu pada panduan baku ISO 15189."
"ODL1004-HPT-0003"	"KONFIRMATOR HBsAg"	"HBsAg CONFIRMATOR"	"BETWEEN"	"0"	"1"	"Kuantitatif"	"Dewasa"	"Semua"	"22312-3"	"index"	"IFU Kit Reagen"	"VERIFIED"	"Penetapan analit kuantitatif HBsAg CONFIRMATOR mengacu pada panduan baku ISO 15189."
"ODL1004-HPT-0004"	"ANTI HBs"	"ANTI HBs"	"BETWEEN"	"0"	"1"	"Kuantitatif"	"Dewasa"	"Semua"	"22312-3"	"index"	"IFU Kit Reagen"	"VERIFIED"	"Penetapan analit kuantitatif ANTI HBs mengacu pada panduan baku ISO 15189."
"ODL1004-HPT-0005"	"TOTAL ANTI HBc"	"ANTI HBc TOTAL"	"BETWEEN"	"0"	"1"	"Kuantitatif"	"Dewasa"	"Semua"	"22312-3"	"index"	"IFU Kit Reagen"	"VERIFIED"	"Penetapan analit kuantitatif ANTI HBc TOTAL mengacu pada panduan baku ISO 15189."
"ODL1004-HPT-0006"	"Anti HBc IgM"	"ANTI HBc IgM"	"BETWEEN"	"0"	"1"	"Kuantitatif"	"Dewasa"	"Semua"	"22312-3"	"index"	"IFU Kit Reagen"	"VERIFIED"	"Penetapan analit kuantitatif ANTI HBc IgM mengacu pada panduan baku ISO 15189."
"ODL1004-HPT-0007"	"HBeAg"	"HBeAg"	"BETWEEN"	"0"	"1"	"Kuantitatif"	"Dewasa"	"Semua"	"22312-3"	"index"	"IFU Kit Reagen"	"VERIFIED"	"Penetapan analit kuantitatif HBeAg mengacu pada panduan baku ISO 15189."
"ODL1004-HPT-0008"	"ANTI-HBe"	"ANTI HBe"	"BETWEEN"	"0"	"1"	"Kuantitatif"	"Dewasa"	"Semua"	"22312-3"	"index"	"IFU Kit Reagen"	"VERIFIED"	"Penetapan analit kuantitatif ANTI HBe mengacu pada panduan baku ISO 15189."
"ODL1004-HPT-0009"	"TOTAL ANTI HCV"	"ANTI HCV TOTAL"	"BETWEEN"	"0"	"1"	"Kuantitatif"	"Dewasa"	"Semua"	"22312-3"	"index"	"IFU Kit Reagen"	"VERIFIED"	"Penetapan analit kuantitatif ANTI HCV TOTAL mengacu pada panduan baku ISO 15189."
"ODL1004-HPT-0010"	"Antibodi IgM HCV"	"ANTI HCV IgM"	"BETWEEN"	"0"	"1"	"Kuantitatif"	"Dewasa"	"Semua"	"22312-3"	"index"	"IFU Kit Reagen"	"VERIFIED"	"Penetapan analit kuantitatif ANTI HCV IgM mengacu pada panduan baku ISO 15189."
"ODL1004-HPT-0011"	"ANTI HAV IgM"	"ANTI HAV IgM"	"BETWEEN"	"0"	"1"	"Kuantitatif"	"Dewasa"	"Semua"	"22312-3"	"index"	"IFU Kit Reagen"	"VERIFIED"	"Penetapan analit kuantitatif ANTI HAV IgM mengacu pada panduan baku ISO 15189."
"ODL1004-HPT-0012"	"ANTI HAV IgG"	"ANTI HAV IgG"	"BETWEEN"	"0"	"1"	"Kuantitatif"	"Dewasa"	"Semua"	"22312-3"	"index"	"IFU Kit Reagen"	"VERIFIED"	"Penetapan analit kuantitatif ANTI HAV IgG mengacu pada panduan baku ISO 15189."
"ODL1004-HPT-0013"	"ANTI HIV"	"ANTI HIV"	"BETWEEN"	"0"	"1"	"Kuantitatif"	"Dewasa"	"Semua"	"22312-3"	"index"	"IFU Kit Reagen"	"VERIFIED"	"Penetapan analit kuantitatif ANTI HIV mengacu pada panduan baku ISO 15189."
"ODL1004-HPT-0014"	"SKRINING ANTI HIV"	"ANTI HIV SCREENING"	"BETWEEN"	"0"	"1"	"Kuantitatif"	"Dewasa"	"Semua"	"22312-3"	"index"	"IFU Kit Reagen"	"VERIFIED"	"Penetapan analit kuantitatif ANTI HIV SCREENING mengacu pada panduan baku ISO 15189."
"ODL1004-HPT-0015"	"KONFIRMASI ANTI HIV (WESTERN BLOT)"	"ANTI HIV CONFIRMATORY"	"BETWEEN"	"0"	"1"	"Kuantitatif"	"Dewasa"	"Semua"	"22312-3"	"index"	"IFU Kit Reagen"	"VERIFIED"	"Penetapan analit kuantitatif ANTI HIV CONFIRMATORY mengacu pada panduan baku ISO 15189."
"ODL1004-INS-0001"	"ANTI DENGUE IgM-G"	"ANTI DENGUE IgM-G"	"BETWEEN"	"0"	"1"	"Kuantitatif"	"Dewasa"	"Semua"	"22312-3"	"index"	"IFU Kit Reagen"	"VERIFIED"	"Penetapan analit kuantitatif ANTI DENGUE IgM-G mengacu pada panduan baku ISO 15189."
"ODL1004-INS-0002"	"ANTIGEN DENGUE NS1"	"DENGUE ANTIGEN NS1"	"BETWEEN"	"0"	"1"	"Kuantitatif"	"Dewasa"	"Semua"	"22312-3"	"index"	"IFU Kit Reagen"	"VERIFIED"	"Penetapan analit kuantitatif DENGUE ANTIGEN NS1 mengacu pada panduan baku ISO 15189."
"ODL1004-INS-0003"	"DEMAM DENGUE DUO ANTIGEN & ANTIBODI"	"DENGUE DUO ANTIGEN & ANTIBODY"	"BETWEEN"	"0"	"1"	"Kuantitatif"	"Dewasa"	"Semua"	"22312-3"	"index"	"IFU Kit Reagen"	"VERIFIED"	"Penetapan analit kuantitatif DENGUE DUO ANTIGEN & ANTIBODY mengacu pada panduan baku ISO 15189."
"ODL1004-INS-0004"	"WIDAL"	"WIDAL"	"BETWEEN"	"0"	"1"	"Kuantitatif"	"Dewasa"	"Semua"	"22312-3"	"index"	"IFU Kit Reagen"	"VERIFIED"	"Penetapan analit kuantitatif WIDAL mengacu pada panduan baku ISO 15189."
"ODL1004-INS-0005"	"IgM ANTI S. TYPHI"	"ANTI S. TYPHI IgM"	"BETWEEN"	"0"	"1"	"Kuantitatif"	"Dewasa"	"Semua"	"22312-3"	"index"	"IFU Kit Reagen"	"VERIFIED"	"Penetapan analit kuantitatif ANTI S. TYPHI IgM mengacu pada panduan baku ISO 15189."
"ODL1004-INS-0006"	"ANTI SALMONELLA TYPHI IGG"	"ANTI SALMONELLA TYPHI IGG"	"BETWEEN"	"0"	"1"	"Kuantitatif"	"Dewasa"	"Semua"	"22312-3"	"index"	"IFU Kit Reagen"	"VERIFIED"	"Penetapan analit kuantitatif ANTI SALMONELLA TYPHI IGG mengacu pada panduan baku ISO 15189."
"ODL1004-INS-0007"	"ANTI SALMONELLA TUBEX"	"ANTI SALMONELLA TUBEX"	"BETWEEN"	"0"	"1"	"Kuantitatif"	"Dewasa"	"Semua"	"22312-3"	"index"	"IFU Kit Reagen"	"VERIFIED"	"Penetapan analit kuantitatif ANTI SALMONELLA TUBEX mengacu pada panduan baku ISO 15189."
"ODL1004-INS-0008"	"TPha"	"TPHA"	"BETWEEN"	"0"	"1"	"Kuantitatif"	"Dewasa"	"Semua"	"22312-3"	"index"	"IFU Kit Reagen"	"VERIFIED"	"Penetapan analit kuantitatif TPHA mengacu pada panduan baku ISO 15189."
"ODL1004-INS-0009"	"VDRL / RPR"	"VDRL / RPR"	"BETWEEN"	"0"	"1"	"Kuantitatif"	"Dewasa"	"Semua"	"22312-3"	"index"	"IFU Kit Reagen"	"VERIFIED"	"Penetapan analit kuantitatif VDRL / RPR mengacu pada panduan baku ISO 15189."
"ODL1004-INS-0010"	"LATEKS TREPONEMA PALLIDUM"	"TREPONEMA PALLIDUM LATEX"	"BETWEEN"	"0"	"1"	"Kuantitatif"	"Dewasa"	"Semua"	"22312-3"	"index"	"IFU Kit Reagen"	"VERIFIED"	"Penetapan analit kuantitatif TREPONEMA PALLIDUM LATEX mengacu pada panduan baku ISO 15189."
"ODL1004-INS-0011"	"Antibodi IgG MIKOPLASMA"	"ANTI MYCOPLASMA IgG"	"BETWEEN"	"0"	"1"	"Kuantitatif"	"Dewasa"	"Semua"	"22312-3"	"index"	"IFU Kit Reagen"	"VERIFIED"	"Penetapan analit kuantitatif ANTI MYCOPLASMA IgG mengacu pada panduan baku ISO 15189."
"ODL1004-INS-0012"	"IgM Anti-Mikoplasma"	"ANTI MYCOPLASMA IgM"	"BETWEEN"	"0"	"1"	"Kuantitatif"	"Dewasa"	"Semua"	"22312-3"	"index"	"IFU Kit Reagen"	"VERIFIED"	"Penetapan analit kuantitatif ANTI MYCOPLASMA IgM mengacu pada panduan baku ISO 15189."
"ODL1004-INS-0013"	"Anti IgG Klamidia"	"ANTI CHLAMYDIA IgG"	"BETWEEN"	"0"	"1"	"Kuantitatif"	"Dewasa"	"Semua"	"22312-3"	"index"	"IFU Kit Reagen"	"VERIFIED"	"Penetapan analit kuantitatif ANTI CHLAMYDIA IgG mengacu pada panduan baku ISO 15189."
"ODL1004-INS-0014"	"IgM ANTI CHLAMYDIA"	"ANTI CHLAMYDIA IgM"	"BETWEEN"	"0"	"1"	"Kuantitatif"	"Dewasa"	"Semua"	"22312-3"	"index"	"IFU Kit Reagen"	"VERIFIED"	"Penetapan analit kuantitatif ANTI CHLAMYDIA IgM mengacu pada panduan baku ISO 15189."
"ODL1004-INS-0015"	"CHLAMYDIA AG"	"CHLAMYDIA AG"	"BETWEEN"	"0"	"1"	"Kuantitatif"	"Dewasa"	"Semua"	"22312-3"	"index"	"IFU Kit Reagen"	"VERIFIED"	"Penetapan analit kuantitatif CHLAMYDIA AG mengacu pada panduan baku ISO 15189."
"ODL1004-INS-0016"	"ANTI H. PYLORI IGG"	"ANTI H. PYLORI IGG"	"BETWEEN"	"0"	"1"	"Kuantitatif"	"Dewasa"	"Semua"	"22312-3"	"index"	"IFU Kit Reagen"	"VERIFIED"	"Penetapan analit kuantitatif ANTI H. PYLORI IGG mengacu pada panduan baku ISO 15189."
"ODL1004-INS-0017"	"ANTI H. PYLORI IGM"	"ANTI H. PYLORI IGM"	"BETWEEN"	"0"	"1"	"Kuantitatif"	"Dewasa"	"Semua"	"22312-3"	"index"	"IFU Kit Reagen"	"VERIFIED"	"Penetapan analit kuantitatif ANTI H. PYLORI IGM mengacu pada panduan baku ISO 15189."
"ODL1004-INS-0018"	"TES NAPAS UREA (UBT)"	"UREA BREATH TEST"	"BETWEEN"	"0"	"1"	"Kuantitatif"	"Dewasa"	"Semua"	"22312-3"	"index"	"IFU Kit Reagen"	"VERIFIED"	"Penetapan analit kuantitatif UREA BREATH TEST mengacu pada panduan baku ISO 15189."
"ODL1004-INS-0019"	"IgG ANTI-MURAL"	"ANTI CHIKUNGUNYA IGG"	"BETWEEN"	"0"	"1"	"Kuantitatif"	"Dewasa"	"Semua"	"22312-3"	"index"	"IFU Kit Reagen"	"VERIFIED"	"Penetapan analit kuantitatif ANTI CHIKUNGUNYA IGG mengacu pada panduan baku ISO 15189."
"ODL1004-INS-0020"	"ANTI CHIKUNGUNYA IGM"	"ANTI CHIKUNGUNYA IGM"	"BETWEEN"	"0"	"1"	"Kuantitatif"	"Dewasa"	"Semua"	"22312-3"	"index"	"IFU Kit Reagen"	"VERIFIED"	"Penetapan analit kuantitatif ANTI CHIKUNGUNYA IGM mengacu pada panduan baku ISO 15189."
"ODL1004-INS-0021"	"SERAMOEBA"	"SERAMOEBA"	"BETWEEN"	"0"	"1"	"Kuantitatif"	"Dewasa"	"Semua"	"22312-3"	"index"	"IFU Kit Reagen"	"VERIFIED"	"Penetapan analit kuantitatif SERAMOEBA mengacu pada panduan baku ISO 15189."
"ODL1004-INS-0022"	"MONOTEST"	"MONOTEST"	"BETWEEN"	"0"	"1"	"Kuantitatif"	"Dewasa"	"Semua"	"22312-3"	"index"	"IFU Kit Reagen"	"VERIFIED"	"Penetapan analit kuantitatif MONOTEST mengacu pada panduan baku ISO 15189."
"ODL1004-INS-0023"	"PENYARINGAN INFLUENZA"	"SCREENING INFLUENZA"	"BETWEEN"	"0"	"1"	"Kuantitatif"	"Dewasa"	"Semua"	"22312-3"	"index"	"IFU Kit Reagen"	"VERIFIED"	"Penetapan analit kuantitatif SCREENING INFLUENZA mengacu pada panduan baku ISO 15189."
"ODL1004-INS-0024"	"EBV VIRAL CAPSID AG (VCA) AB IGM"	"EBV VIRAL CAPSID AG  AB IGM"	"BETWEEN"	"0"	"1"	"Kuantitatif"	"Dewasa"	"Semua"	"22312-3"	"index"	"IFU Kit Reagen"	"VERIFIED"	"Penetapan analit kuantitatif EBV VIRAL CAPSID AG  AB IGM mengacu pada panduan baku ISO 15189."
"ODL1004-INS-0025"	"VARICELLA ZOSTER IGG"	"VARICELLA ZOSTER IGG"	"BETWEEN"	"0"	"1"	"Kuantitatif"	"Dewasa"	"Semua"	"22312-3"	"index"	"IFU Kit Reagen"	"VERIFIED"	"Penetapan analit kuantitatif VARICELLA ZOSTER IGG mengacu pada panduan baku ISO 15189."
"ODL1004-INS-0026"	"VARICELLA ZOSTER IGM"	"VARICELLA ZOSTER IGM"	"BETWEEN"	"0"	"1"	"Kuantitatif"	"Dewasa"	"Semua"	"22312-3"	"index"	"IFU Kit Reagen"	"VERIFIED"	"Penetapan analit kuantitatif VARICELLA ZOSTER IGM mengacu pada panduan baku ISO 15189."
"ODL1004-INS-0027"	"ANTIBODI IGG CAMPAK"	"MEASLES IGG ANTIBODY"	"BETWEEN"	"0"	"1"	"Kuantitatif"	"Dewasa"	"Semua"	"22312-3"	"index"	"IFU Kit Reagen"	"VERIFIED"	"Penetapan analit kuantitatif MEASLES IGG ANTIBODY mengacu pada panduan baku ISO 15189."
"ODL1004-INS-0028"	"ANTIBODI IGM CAMPAK"	"MEASLES IGM ANTIBODY"	"BETWEEN"	"0"	"1"	"Kuantitatif"	"Dewasa"	"Semua"	"22312-3"	"index"	"IFU Kit Reagen"	"VERIFIED"	"Penetapan analit kuantitatif MEASLES IGM ANTIBODY mengacu pada panduan baku ISO 15189."
"ODL1004-INS-0029"	"ANTIBODI IGG GONDONG"	"MUMPS IGG ANTIBODY"	"BETWEEN"	"0"	"1"	"Kuantitatif"	"Dewasa"	"Semua"	"22312-3"	"index"	"IFU Kit Reagen"	"VERIFIED"	"Penetapan analit kuantitatif MUMPS IGG ANTIBODY mengacu pada panduan baku ISO 15189."
"ODL1004-INS-0030"	"ANTIBODI IGM UNTUK GONDONGAN"	"MUMPS IGM ANTIBODY"	"BETWEEN"	"0"	"1"	"Kuantitatif"	"Dewasa"	"Semua"	"22312-3"	"index"	"IFU Kit Reagen"	"VERIFIED"	"Penetapan analit kuantitatif MUMPS IGM ANTIBODY mengacu pada panduan baku ISO 15189."
"ODL1004-INS-0031"	"SEROLOGI JAMUR ASPERGILLUS"	"SEROLOGI JAMUR ASPERGILLUS"	"BETWEEN"	"0"	"1"	"Kuantitatif"	"Dewasa"	"Semua"	"22312-3"	"index"	"IFU Kit Reagen"	"VERIFIED"	"Penetapan analit kuantitatif SEROLOGI JAMUR ASPERGILLUS mengacu pada panduan baku ISO 15189."
"ODL1004-INS-0032"	"SEROLOGI JAMUR CRYTOCOCCUS"	"SEROLOGI JAMUR CRYTOCOCCUS"	"BETWEEN"	"0"	"1"	"Kuantitatif"	"Dewasa"	"Semua"	"22312-3"	"index"	"IFU Kit Reagen"	"VERIFIED"	"Penetapan analit kuantitatif SEROLOGI JAMUR CRYTOCOCCUS mengacu pada panduan baku ISO 15189."
"ODL1004-INS-0033"	"ANTIGEN SARS COV-2 2019"	"ANTIGEN SARS COV-2 2019"	"BETWEEN"	"0"	"1"	"Kuantitatif"	"Dewasa"	"Semua"	"22312-3"	"index"	"IFU Kit Reagen"	"VERIFIED"	"Penetapan analit kuantitatif ANTIGEN SARS COV-2 2019 mengacu pada panduan baku ISO 15189."
"ODL1004-INS-0034"	"ANTIBODI SARS COV- 2019 KUANTITATIF"	"ANTIBODI SARS COV- 2019 KUANTITATIF"	"BETWEEN"	"0"	"1"	"Kuantitatif"	"Dewasa"	"Semua"	"22312-3"	"index"	"IFU Kit Reagen"	"VERIFIED"	"Penetapan analit kuantitatif ANTIBODI SARS COV- 2019 KUANTITATIF mengacu pada panduan baku ISO 15189."
"ODL1004-INS-0035"	"ANTI LEPTOSPIRA IGG"	"ANTI LEPTOSPIRA IGG"	"BETWEEN"	"0"	"1"	"Kuantitatif"	"Dewasa"	"Semua"	"22312-3"	"index"	"IFU Kit Reagen"	"VERIFIED"	"Penetapan analit kuantitatif ANTI LEPTOSPIRA IGG mengacu pada panduan baku ISO 15189."
"ODL1004-INS-0036"	"ANTI LEPTOSPIRA IGM"	"ANTI LEPTOSPIRA IGM"	"BETWEEN"	"0"	"1"	"Kuantitatif"	"Dewasa"	"Semua"	"22312-3"	"index"	"IFU Kit Reagen"	"VERIFIED"	"Penetapan analit kuantitatif ANTI LEPTOSPIRA IGM mengacu pada panduan baku ISO 15189."
"ODL1004-INS-0037"	"GAME - T.SPOT TB"	"IGRA - T.SPOT TB"	"BETWEEN"	"0"	"1"	"Kuantitatif"	"Dewasa"	"Semua"	"22312-3"	"index"	"IFU Kit Reagen"	"VERIFIED"	"Penetapan analit kuantitatif IGRA - T.SPOT TB mengacu pada panduan baku ISO 15189."
"ODL1004-INS-0038"	"IGRA - QUANTIFERON"	"IGRA - QUANTIFERON"	"BETWEEN"	"0"	"1"	"Kuantitatif"	"Dewasa"	"Semua"	"22312-3"	"index"	"IFU Kit Reagen"	"VERIFIED"	"Penetapan analit kuantitatif IGRA - QUANTIFERON mengacu pada panduan baku ISO 15189."
"ODL1004-INF-0001"	"CRP"	"CRP"	"BETWEEN"	"0"	"1"	"Kuantitatif"	"Dewasa"	"Semua"	"22312-3"	"index"	"IFU Kit Reagen"	"VERIFIED"	"Penetapan analit kuantitatif CRP mengacu pada panduan baku ISO 15189."
"ODL1004-INF-0002"	"PROKALSITONIN"	"PROCALCITONIN"	"BETWEEN"	"0"	"1"	"Kuantitatif"	"Dewasa"	"Semua"	"22312-3"	"index"	"IFU Kit Reagen"	"VERIFIED"	"Penetapan analit kuantitatif PROCALCITONIN mengacu pada panduan baku ISO 15189."
"ODL1004-ITRC-0001"	"Anti Toxoplasma IgG"	"ANTI TOXOPLASMA IgG"	"BETWEEN"	"0"	"1"	"Kuantitatif"	"Dewasa"	"Semua"	"22312-3"	"index"	"IFU Kit Reagen"	"VERIFIED"	"Penetapan analit kuantitatif ANTI TOXOPLASMA IgG mengacu pada panduan baku ISO 15189."
"ODL1004-ITRC-0002"	"Anti Toxoplasma IgM"	"ANTI TOXOPLASMA IgM"	"BETWEEN"	"0"	"1"	"Kuantitatif"	"Dewasa"	"Semua"	"22312-3"	"index"	"IFU Kit Reagen"	"VERIFIED"	"Penetapan analit kuantitatif ANTI TOXOPLASMA IgM mengacu pada panduan baku ISO 15189."
"ODL1004-ITRC-0003"	"ANTI TOXOPLASMA IgG - AVIDITY"	"ANTI TOXOPLASMA IgG - AVIDITY"	"BETWEEN"	"0"	"1"	"Kuantitatif"	"Dewasa"	"Semua"	"22312-3"	"index"	"IFU Kit Reagen"	"VERIFIED"	"Penetapan analit kuantitatif ANTI TOXOPLASMA IgG - AVIDITY mengacu pada panduan baku ISO 15189."
"ODL1004-ITRC-0004"	"Antibodi IgG anti rubella"	"ANTI RUBELLA IgG"	"BETWEEN"	"0"	"1"	"Kuantitatif"	"Dewasa"	"Semua"	"22312-3"	"index"	"IFU Kit Reagen"	"VERIFIED"	"Penetapan analit kuantitatif ANTI RUBELLA IgG mengacu pada panduan baku ISO 15189."
"ODL1004-ITRC-0005"	"IgM ANTI RUBELLA"	"ANTI RUBELLA IgM"	"BETWEEN"	"0"	"1"	"Kuantitatif"	"Dewasa"	"Semua"	"22312-3"	"index"	"IFU Kit Reagen"	"VERIFIED"	"Penetapan analit kuantitatif ANTI RUBELLA IgM mengacu pada panduan baku ISO 15189."
"ODL1004-ITRC-0006"	"Anti CMV IgG"	"ANTI CMV IgG"	"BETWEEN"	"0"	"1"	"Kuantitatif"	"Dewasa"	"Semua"	"22312-3"	"index"	"IFU Kit Reagen"	"VERIFIED"	"Penetapan analit kuantitatif ANTI CMV IgG mengacu pada panduan baku ISO 15189."
"ODL1004-ITRC-0007"	"Anti CMV IgM"	"ANTI CMV IgM"	"BETWEEN"	"0"	"1"	"Kuantitatif"	"Dewasa"	"Semua"	"22312-3"	"index"	"IFU Kit Reagen"	"VERIFIED"	"Penetapan analit kuantitatif ANTI CMV IgM mengacu pada panduan baku ISO 15189."
"ODL1004-ITRC-0008"	"ANTI CMV IgG - AVIDITY"	"ANTI CMV IgG - AVIDITY"	"BETWEEN"	"0"	"1"	"Kuantitatif"	"Dewasa"	"Semua"	"22312-3"	"index"	"IFU Kit Reagen"	"VERIFIED"	"Penetapan analit kuantitatif ANTI CMV IgG - AVIDITY mengacu pada panduan baku ISO 15189."
"ODL1004-ITRC-0009"	"Anti HSV I IgM"	"ANTI HSV I IgM"	"BETWEEN"	"0"	"1"	"Kuantitatif"	"Dewasa"	"Semua"	"22312-3"	"index"	"IFU Kit Reagen"	"VERIFIED"	"Penetapan analit kuantitatif ANTI HSV I IgM mengacu pada panduan baku ISO 15189."
"ODL1004-ITRC-0010"	"Antibodi IgG HSV I"	"ANTI HSV I IgG"	"BETWEEN"	"0"	"1"	"Kuantitatif"	"Dewasa"	"Semua"	"22312-3"	"index"	"IFU Kit Reagen"	"VERIFIED"	"Penetapan analit kuantitatif ANTI HSV I IgG mengacu pada panduan baku ISO 15189."
"ODL1004-ITRC-0011"	"Antibodi IgM Anti HSV II"	"ANTI HSV II IgM"	"BETWEEN"	"0"	"1"	"Kuantitatif"	"Dewasa"	"Semua"	"22312-3"	"index"	"IFU Kit Reagen"	"VERIFIED"	"Penetapan analit kuantitatif ANTI HSV II IgM mengacu pada panduan baku ISO 15189."
"ODL1004-ITRC-0012"	"Antibodi IgG Anti HSV II"	"ANTI HSV II IgG"	"BETWEEN"	"0"	"1"	"Kuantitatif"	"Dewasa"	"Semua"	"22312-3"	"index"	"IFU Kit Reagen"	"VERIFIED"	"Penetapan analit kuantitatif ANTI HSV II IgG mengacu pada panduan baku ISO 15189."
"ODL1004-ITRC-0013"	"Antibodi HSV-1/2 IGM"	"HSV-1/2 IGM ANTIBODY"	"BETWEEN"	"0"	"1"	"Kuantitatif"	"Dewasa"	"Semua"	"22312-3"	"index"	"IFU Kit Reagen"	"VERIFIED"	"Penetapan analit kuantitatif HSV-1/2 IGM ANTIBODY mengacu pada panduan baku ISO 15189."
"ODL1004-ONC-0001"	"AFP"	"AFP"	"BETWEEN"	"0"	"1"	"Kuantitatif"	"Dewasa"	"Semua"	"22312-3"	"index"	"IFU Kit Reagen"	"VERIFIED"	"Penetapan analit kuantitatif AFP mengacu pada panduan baku ISO 15189."
"ODL1004-ONC-0002"	"CEA (USUS BESAR)"	"CEA"	"BETWEEN"	"0"	"1"	"Kuantitatif"	"Dewasa"	"Semua"	"22312-3"	"index"	"IFU Kit Reagen"	"VERIFIED"	"Penetapan analit kuantitatif CEA mengacu pada panduan baku ISO 15189."
"ODL1004-ONC-0003"	"PSA (PROSTAT)"	"PSA"	"BETWEEN"	"0"	"1"	"Kuantitatif"	"Dewasa"	"Semua"	"22312-3"	"index"	"IFU Kit Reagen"	"VERIFIED"	"Penetapan analit kuantitatif PSA mengacu pada panduan baku ISO 15189."
"ODL1004-ONC-0004"	"PSA GRATIS + PSA TOTAL"	"FREE PSA + TOTAL PSA"	"BETWEEN"	"0"	"1"	"Kuantitatif"	"Dewasa"	"Semua"	"22312-3"	"index"	"IFU Kit Reagen"	"VERIFIED"	"Penetapan analit kuantitatif FREE PSA + TOTAL PSA mengacu pada panduan baku ISO 15189."
"ODL1004-ONC-0005"	"CA 125 (OVARIUM)"	"CA 125"	"BETWEEN"	"0"	"1"	"Kuantitatif"	"Dewasa"	"Semua"	"22312-3"	"index"	"IFU Kit Reagen"	"VERIFIED"	"Penetapan analit kuantitatif CA 125 mengacu pada panduan baku ISO 15189."
"ODL1004-ONC-0006"	"CA 15-3 (PAYUDARA)"	"CA 15-3"	"BETWEEN"	"0"	"1"	"Kuantitatif"	"Dewasa"	"Semua"	"22312-3"	"index"	"IFU Kit Reagen"	"VERIFIED"	"Penetapan analit kuantitatif CA 15-3 mengacu pada panduan baku ISO 15189."
"ODL1004-ONC-0007"	"CA 19-9 (PANKREAS)"	"CA 19-9"	"BETWEEN"	"0"	"1"	"Kuantitatif"	"Dewasa"	"Semua"	"22312-3"	"index"	"IFU Kit Reagen"	"VERIFIED"	"Penetapan analit kuantitatif CA 19-9 mengacu pada panduan baku ISO 15189."
"ODL1004-ONC-0008"	"CA 72-4 (GASTER)"	"CA 72-4"	"BETWEEN"	"0"	"1"	"Kuantitatif"	"Dewasa"	"Semua"	"22312-3"	"index"	"IFU Kit Reagen"	"VERIFIED"	"Penetapan analit kuantitatif CA 72-4 mengacu pada panduan baku ISO 15189."
"ODL1004-ONC-0009"	"HUMAN EPIDIDIMIS 4 (HE4)"	"HUMAN EPIDIDIMIS 4"	"BETWEEN"	"0"	"1"	"Kuantitatif"	"Dewasa"	"Semua"	"22312-3"	"index"	"IFU Kit Reagen"	"VERIFIED"	"Penetapan analit kuantitatif HUMAN EPIDIDIMIS 4 mengacu pada panduan baku ISO 15189."
"ODL1004-ONC-0010"	"ROMA"	"ROMA"	"BETWEEN"	"0"	"1"	"Kuantitatif"	"Dewasa"	"Semua"	"22312-3"	"index"	"IFU Kit Reagen"	"VERIFIED"	"Penetapan analit kuantitatif ROMA mengacu pada panduan baku ISO 15189."
"ODL1004-ONC-0011"	"MIKROGLOBULIN BETA-2"	"BETA-2 MICROGLOBULIN"	"BETWEEN"	"0"	"1"	"Kuantitatif"	"Dewasa"	"Semua"	"22312-3"	"index"	"IFU Kit Reagen"	"VERIFIED"	"Penetapan analit kuantitatif BETA-2 MICROGLOBULIN mengacu pada panduan baku ISO 15189."
"ODL1004-ONC-0012"	"NOMOR 21-1 (PARU-PARU)"	"CYFRA 21-1"	"BETWEEN"	"0"	"1"	"Kuantitatif"	"Dewasa"	"Semua"	"22312-3"	"index"	"IFU Kit Reagen"	"VERIFIED"	"Penetapan analit kuantitatif CYFRA 21-1 mengacu pada panduan baku ISO 15189."
"ODL1004-ONC-0013"	"NSE (PARU-PARU)"	"NSE"	"BETWEEN"	"0"	"1"	"Kuantitatif"	"Dewasa"	"Semua"	"22312-3"	"index"	"IFU Kit Reagen"	"VERIFIED"	"Penetapan analit kuantitatif NSE mengacu pada panduan baku ISO 15189."
"ODL1004-ONC-0014"	"SCC (SERVIKS)"	"SCC"	"BETWEEN"	"0"	"1"	"Kuantitatif"	"Dewasa"	"Semua"	"22312-3"	"index"	"IFU Kit Reagen"	"VERIFIED"	"Penetapan analit kuantitatif SCC mengacu pada panduan baku ISO 15189."
"ODL1004-ONC-0015"	"ASAM FOSFATASE (ACP)"	"ACID PHOSPHATASE"	"BETWEEN"	"0"	"1"	"Kuantitatif"	"Dewasa"	"Semua"	"22312-3"	"index"	"IFU Kit Reagen"	"VERIFIED"	"Penetapan analit kuantitatif ACID PHOSPHATASE mengacu pada panduan baku ISO 15189."
"ODL1004-ONC-0016"	"PROSTATIC ACID PHOSPHATASE (PAP)"	"PROSTATIC ACID PHOSPHATASE"	"BETWEEN"	"0"	"1"	"Kuantitatif"	"Dewasa"	"Semua"	"22312-3"	"index"	"IFU Kit Reagen"	"VERIFIED"	"Penetapan analit kuantitatif PROSTATIC ACID PHOSPHATASE mengacu pada panduan baku ISO 15189."
"ODL1004-ONC-0017"	"ANTI EBV EA IgA"	"ANTI EBV EA IgA"	"BETWEEN"	"0"	"1"	"Kuantitatif"	"Dewasa"	"Semua"	"22312-3"	"index"	"IFU Kit Reagen"	"VERIFIED"	"Penetapan analit kuantitatif ANTI EBV EA IgA mengacu pada panduan baku ISO 15189."
"ODL1004-ONC-0018"	"Anti EBV VCA IgA"	"ANTI EBV VCA IgA"	"BETWEEN"	"0"	"1"	"Kuantitatif"	"Dewasa"	"Semua"	"22312-3"	"index"	"IFU Kit Reagen"	"VERIFIED"	"Penetapan analit kuantitatif ANTI EBV VCA IgA mengacu pada panduan baku ISO 15189."
"ODL1004-ONC-0019"	"ANTI EBV EBNA IgA"	"ANTI EBV EBNA IgA"	"BETWEEN"	"0"	"1"	"Kuantitatif"	"Dewasa"	"Semua"	"22312-3"	"index"	"IFU Kit Reagen"	"VERIFIED"	"Penetapan analit kuantitatif ANTI EBV EBNA IgA mengacu pada panduan baku ISO 15189."
"ODL1004-ONC-0020"	"INDEKS KESEHATAN PROSTAT (PHI)"	"PROSTATE HEALTH INDEX"	"BETWEEN"	"0"	"1"	"Kuantitatif"	"Dewasa"	"Semua"	"22312-3"	"index"	"IFU Kit Reagen"	"VERIFIED"	"Penetapan analit kuantitatif PROSTATE HEALTH INDEX mengacu pada panduan baku ISO 15189."
"ODL1004-AUT-0001"	"ACA IgG"	"ACA IgG"	"BETWEEN"	"0"	"1"	"Kuantitatif"	"Dewasa"	"Semua"	"22312-3"	"index"	"IFU Kit Reagen"	"VERIFIED"	"Penetapan analit kuantitatif ACA IgG mengacu pada panduan baku ISO 15189."
"ODL1004-AUT-0002"	"ACA IgM"	"ACA IgM"	"BETWEEN"	"0"	"1"	"Kuantitatif"	"Dewasa"	"Semua"	"22312-3"	"index"	"IFU Kit Reagen"	"VERIFIED"	"Penetapan analit kuantitatif ACA IgM mengacu pada panduan baku ISO 15189."
"ODL1004-AUT-0003"	"ANTI BETA2 GP1 IgM"	"ANTI BETA2 GP1 IgM"	"BETWEEN"	"0"	"1"	"Kuantitatif"	"Dewasa"	"Semua"	"22312-3"	"index"	"IFU Kit Reagen"	"VERIFIED"	"Penetapan analit kuantitatif ANTI BETA2 GP1 IgM mengacu pada panduan baku ISO 15189."
"ODL1004-AUT-0004"	"ANTI BETA2 GP1 IgG"	"ANTI BETA2 GP1 IgG"	"BETWEEN"	"0"	"1"	"Kuantitatif"	"Dewasa"	"Semua"	"22312-3"	"index"	"IFU Kit Reagen"	"VERIFIED"	"Penetapan analit kuantitatif ANTI BETA2 GP1 IgG mengacu pada panduan baku ISO 15189."
"ODL1004-AUT-0005"	"ANA IgG (ELISA)"	"ANA IgG"	"BETWEEN"	"0"	"1"	"Kuantitatif"	"Dewasa"	"Semua"	"22312-3"	"index"	"IFU Kit Reagen"	"VERIFIED"	"Penetapan analit kuantitatif ANA IgG mengacu pada panduan baku ISO 15189."
"ODL1004-AUT-0006"	"ANA IF"	"ANA IF"	"BETWEEN"	"0"	"1"	"Kuantitatif"	"Dewasa"	"Semua"	"22312-3"	"index"	"IFU Kit Reagen"	"VERIFIED"	"Penetapan analit kuantitatif ANA IF mengacu pada panduan baku ISO 15189."
"ODL1004-AUT-0007"	"PROFIL ANA"	"PROFIL Parameter"	"BETWEEN"	"0"	"1"	"Kuantitatif"	"Dewasa"	"Semua"	"22312-3"	"index"	"IFU Kit Reagen"	"VERIFIED"	"Penetapan analit kuantitatif PROFIL Parameter mengacu pada panduan baku ISO 15189."
"ODL1004-AUT-0008"	"ANTI ds-DNA NCx"	"ANTI ds-DNA NCx"	"BETWEEN"	"0"	"1"	"Kuantitatif"	"Dewasa"	"Semua"	"22312-3"	"index"	"IFU Kit Reagen"	"VERIFIED"	"Penetapan analit kuantitatif ANTI ds-DNA NCx mengacu pada panduan baku ISO 15189."
"ODL1004-AUT-0009"	"ANTI OTOT POLOS (SMA)"	"ANTI SMOOTH MUSCLE"	"BETWEEN"	"0"	"1"	"Kuantitatif"	"Dewasa"	"Semua"	"22312-3"	"index"	"IFU Kit Reagen"	"VERIFIED"	"Penetapan analit kuantitatif ANTI SMOOTH MUSCLE mengacu pada panduan baku ISO 15189."
"ODL1004-AUT-0010"	"ANTIBODI MITOKONDRIAL (AMA)"	"ANTI MITOCHONDRIAL ANTIBODY"	"BETWEEN"	"0"	"1"	"Kuantitatif"	"Dewasa"	"Semua"	"22312-3"	"index"	"IFU Kit Reagen"	"VERIFIED"	"Penetapan analit kuantitatif ANTI MITOCHONDRIAL ANTIBODY mengacu pada panduan baku ISO 15189."
"ODL1004-AUT-0011"	"AMA DAN ASMA JIKA"	"AMA DAN ASMA IF"	"BETWEEN"	"0"	"1"	"Kuantitatif"	"Dewasa"	"Semua"	"22312-3"	"index"	"IFU Kit Reagen"	"VERIFIED"	"Penetapan analit kuantitatif AMA DAN ASMA IF mengacu pada panduan baku ISO 15189."
"ODL1004-AUT-0012"	"ANCA IF"	"ANCA IF"	"BETWEEN"	"0"	"1"	"Kuantitatif"	"Dewasa"	"Semua"	"22312-3"	"index"	"IFU Kit Reagen"	"VERIFIED"	"Penetapan analit kuantitatif ANCA IF mengacu pada panduan baku ISO 15189."
"ODL1004-AUT-0013"	"ANTI-PR3 AB"	"ANTI-PR3 AB"	"BETWEEN"	"0"	"1"	"Kuantitatif"	"Dewasa"	"Semua"	"22312-3"	"index"	"IFU Kit Reagen"	"VERIFIED"	"Penetapan analit kuantitatif ANTI-PR3 AB mengacu pada panduan baku ISO 15189."
"ODL1004-AUT-0014"	"ANTI-MPO AB"	"ANTI-MPO AB"	"BETWEEN"	"0"	"1"	"Kuantitatif"	"Dewasa"	"Semua"	"22312-3"	"index"	"IFU Kit Reagen"	"VERIFIED"	"Penetapan analit kuantitatif ANTI-MPO AB mengacu pada panduan baku ISO 15189."
"ODL1004-AUT-0015"	"KUALITATIF RF"	"RF QUALITATIVE"	"BETWEEN"	"0"	"1"	"Kuantitatif"	"Dewasa"	"Semua"	"22312-3"	"index"	"IFU Kit Reagen"	"VERIFIED"	"Penetapan analit kuantitatif RF QUALITATIVE mengacu pada panduan baku ISO 15189."
"ODL1004-AUT-0016"	"RF KUANTITATIF"	"RF QUANTITATIVE"	"BETWEEN"	"0"	"1"	"Kuantitatif"	"Dewasa"	"Semua"	"22312-3"	"index"	"IFU Kit Reagen"	"VERIFIED"	"Penetapan analit kuantitatif RF QUANTITATIVE mengacu pada panduan baku ISO 15189."
"ODL1004-AUT-0017"	"Anti CCP IgG"	"ANTI CCP IgG"	"BETWEEN"	"0"	"1"	"Kuantitatif"	"Dewasa"	"Semua"	"22312-3"	"index"	"IFU Kit Reagen"	"VERIFIED"	"Penetapan analit kuantitatif ANTI CCP IgG mengacu pada panduan baku ISO 15189."
"ODL1004-AUT-0018"	"KUALITATIF ASTO"	"ASTO QUALITATIVE"	"BETWEEN"	"0"	"1"	"Kuantitatif"	"Dewasa"	"Semua"	"22312-3"	"index"	"IFU Kit Reagen"	"VERIFIED"	"Penetapan analit kuantitatif ASTO QUALITATIVE mengacu pada panduan baku ISO 15189."
"ODL1004-AUT-0019"	"ASTO KUANTITATIF"	"ASTO (kuantitatif)"	"BETWEEN"	"0"	"100"	"Kuantitatif"	"Anak"	"Semua"	"5059-1"	"IU/mL"	"IFU Kit Reagen"	"VERIFIED"	"Evaluasi parameter analitik ASTO (kuantitatif) pada panel ASTO QUANTITATIVE."
"ODL1004-AUT-0019"	"ASTO KUANTITATIF"	"ASTO (kuantitatif)"	"BETWEEN"	"0"	"200"	"Kuantitatif"	"Dewasa"	"Semua"	"5059-1"	"IU/mL"	"IFU Kit Reagen"	"VERIFIED"	"Evaluasi parameter analitik ASTO (kuantitatif) pada panel ASTO QUANTITATIVE."
"ODL1004-AUT-0020"	"ANTI GLUTAMIC ACID DECARBOXYLASE (ANTI - GAD)"	"Anti-GAD (GAD-65)"	"BETWEEN"	"0"	"5"	"Kuantitatif"	"Dewasa"	"Semua"	"13926-1"	"U/mL"	"IFU Kit Reagen"	"VERIFIED"	"Evaluasi parameter analitik Anti-GAD (GAD-65) pada panel ANTI GLUTAMIC ACID DECARBOXYLASE (ANTI - GAD)."
"ODL1004-AUT-0021"	"TRANSGLUTAMINASE JARINGAN IGG"	"Tissue Transglutaminase IgG"	"BETWEEN"	"0"	"20"	"Kuantitatif"	"Dewasa"	"Semua"	"31017-6"	"U/mL"	"IFU Kit Reagen"	"VERIFIED"	"Evaluasi parameter analitik Tissue Transglutaminase IgG pada panel TISSUE TRANSGLUTAMINASE IGG."
"ODL1004-AUT-0022"	"USIA TRANSGLUTAMINASE JARINGAN"	"Tissue Transglutaminase IgA"	"BETWEEN"	"0"	"20"	"Kuantitatif"	"Dewasa"	"Semua"	"31018-4"	"U/mL"	"IFU Kit Reagen"	"VERIFIED"	"Evaluasi parameter analitik Tissue Transglutaminase IgA pada panel TISSUE TRANSGLUTAMINASE IGA."
"ODL1004-AUT-0023"	"ANTI GLIADIN IGA"	"Anti Gliadin IgA"	"BETWEEN"	"0"	"20"	"Kuantitatif"	"Dewasa"	"Semua"	"31013-5"	"U/mL"	"IFU Kit Reagen"	"VERIFIED"	"Evaluasi parameter analitik Anti Gliadin IgA pada panel ANTI GLIADIN IGA."
"ODL1004-AUT-0024"	"ANTI GLIADIN IGG"	"Anti Gliadin IgG"	"BETWEEN"	"0"	"20"	"Kuantitatif"	"Dewasa"	"Semua"	"31012-7"	"U/mL"	"IFU Kit Reagen"	"VERIFIED"	"Evaluasi parameter analitik Anti Gliadin IgG pada panel ANTI GLIADIN IGG."
"ODL1004-AUT-0025"	"ADA"	"ADA (Serum)"	"BETWEEN"	"0"	"100"	"Kuantitatif"	"Anak"	"Semua"	"1801-0"	"U/L"	"IFU Kit Reagen"	"VERIFIED"	"Evaluasi parameter analitik ADA (Serum) pada panel ADA."
"ODL1004-AUT-0025"	"ADA"	"ADA (Serum)"	"BETWEEN"	"0"	"15"	"Kuantitatif"	"Dewasa"	"Semua"	"1801-0"	"U/L"	"IFU Kit Reagen"	"VERIFIED"	"Evaluasi parameter analitik ADA (Serum) pada panel ADA."
"ODL1004-AUT-0025"	"ADA"	"ADA (Cairan Pleura)"	"BETWEEN"	"0"	"100"	"Kuantitatif"	"Anak"	"Semua"	"1801-0"	"U/L"	"IFU Kit Reagen"	"VERIFIED"	"Evaluasi parameter analitik ADA (Cairan Pleura) pada panel ADA."
"ODL1004-AUT-0025"	"ADA"	"ADA (Cairan Pleura)"	"BETWEEN"	"40"	"100"	"Kuantitatif"	"Dewasa"	"Semua"	"1801-0"	"U/L"	"IFU Kit Reagen"	"VERIFIED"	"Evaluasi parameter analitik ADA (Cairan Pleura) pada panel ADA."
"ODL1005-REP-0001"	"LH"	"LH"	"BETWEEN"	"0.02"	"0.3"	"Kuantitatif"	"Anak"	"Semua"	"10501-5"	"mIU/mL"	"IFU Kit Reagen"	"VERIFIED"	"Evaluasi parameter analitik LH pada panel LH."
"ODL1005-REP-0001"	"LH"	"LH"	"BETWEEN"	"0"	"100"	"Kuantitatif"	"Anak"	"Perempuan"	"10501-5"	"mIU/mL"	"IFU Kit Reagen"	"VERIFIED"	"Evaluasi parameter analitik LH pada panel LH."
"ODL1005-REP-0001"	"LH"	"LH"	"BETWEEN"	"1.5"	"9"	"Kuantitatif"	"Dewasa"	"Perempuan"	"10501-5"	"mIU/mL"	"IFU Kit Reagen"	"VERIFIED"	"Evaluasi parameter analitik LH pada panel LH."
"ODL1005-REP-0002"	"FSH"	"FSH"	"BETWEEN"	"0"	"100"	"Kuantitatif"	"Anak"	"Perempuan"	"15067-2"	"mIU/mL"	"IFU Kit Reagen"	"VERIFIED"	"Evaluasi parameter analitik FSH pada panel FSH."
"ODL1005-REP-0002"	"FSH"	"FSH"	"BETWEEN"	"2"	"9.2"	"Kuantitatif"	"Dewasa"	"Perempuan"	"15067-2"	"mIU/mL"	"IFU Kit Reagen"	"VERIFIED"	"Evaluasi parameter analitik FSH pada panel FSH."
"ODL1005-REP-0003"	"ESTRADIOL"	"Estradiol (E2)"	"BETWEEN"	"0"	"15"	"Kuantitatif"	"Anak"	"Semua"	"2243-4"	"pg/mL"	"IFU Kit Reagen"	"VERIFIED"	"Evaluasi parameter analitik Estradiol (E2) pada panel ESTRADIOL."
"ODL1005-REP-0003"	"ESTRADIOL"	"Estradiol (E2)"	"BETWEEN"	"0"	"100"	"Kuantitatif"	"Anak"	"Perempuan"	"2243-4"	"pg/mL"	"IFU Kit Reagen"	"VERIFIED"	"Evaluasi parameter analitik Estradiol (E2) pada panel ESTRADIOL."
"ODL1005-REP-0003"	"ESTRADIOL"	"Estradiol (E2)"	"BETWEEN"	"8"	"35"	"Kuantitatif"	"Dewasa"	"Perempuan"	"2243-4"	"pg/mL"	"IFU Kit Reagen"	"VERIFIED"	"Evaluasi parameter analitik Estradiol (E2) pada panel ESTRADIOL."
"ODL1005-REP-0004"	"PROGESTERON"	"Progesteron"	"BETWEEN"	"0"	"100"	"Kuantitatif"	"Anak"	"Perempuan"	"2839-9"	"ng/dL"	"IFU Kit Reagen"	"VERIFIED"	"Evaluasi parameter analitik Progesteron pada panel PROGESTERONE."
"ODL1005-REP-0004"	"PROGESTERON"	"Progesteron"	"BETWEEN"	"0"	"11"	"Kuantitatif"	"Dewasa"	"Perempuan"	"2839-9"	"ng/dL"	"IFU Kit Reagen"	"VERIFIED"	"Evaluasi parameter analitik Progesteron pada panel PROGESTERONE."
"ODL1005-REP-0005"	"PROLAKTIN"	"Prolaktin"	"BETWEEN"	"0"	"100"	"Kuantitatif"	"Semua"	"Semua"	"2842-3"	"ng/mL"	"IFU Kit Reagen"	"VERIFIED"	"Evaluasi parameter analitik Prolaktin pada panel PROLACTIN."
"ODL1005-REP-0005"	"PROLAKTIN"	"Prolaktin"	"BETWEEN"	"0"	"100"	"Kuantitatif"	"Anak"	"Semua"	"2842-3"	"ng/mL"	"IFU Kit Reagen"	"VERIFIED"	"Evaluasi parameter analitik Prolaktin pada panel PROLACTIN."
"ODL1005-REP-0005"	"PROLAKTIN"	"Prolaktin"	"BETWEEN"	"4.04"	"15.2"	"Kuantitatif"	"Dewasa"	"Perempuan"	"2842-3"	"ng/mL"	"IFU Kit Reagen"	"VERIFIED"	"Evaluasi parameter analitik Prolaktin pada panel PROLACTIN."
"ODL1005-REP-0006"	"TESTOSTERON"	"Testosteron Total"	"BETWEEN"	"0"	"10"	"Kuantitatif"	"Anak"	"Semua"	"2986-8"	"ng/dL"	"IFU Kit Reagen"	"VERIFIED"	"Evaluasi parameter analitik Testosteron Total pada panel TESTOSTERONE."
"ODL1005-REP-0006"	"TESTOSTERON"	"Testosteron Total"	"BETWEEN"	"0"	"100"	"Kuantitatif"	"Anak"	"Perempuan"	"2986-8"	"ng/dL"	"IFU Kit Reagen"	"VERIFIED"	"Evaluasi parameter analitik Testosteron Total pada panel TESTOSTERONE."
"ODL1005-REP-0006"	"TESTOSTERON"	"Testosteron Total"	"BETWEEN"	"0"	"100"	"Kuantitatif"	"Dewasa"	"Perempuan"	"2986-8"	"ng/dL"	"IFU Kit Reagen"	"VERIFIED"	"Evaluasi parameter analitik Testosteron Total pada panel TESTOSTERONE."
"ODL1005-REP-0007"	"TESTOSTERON BEBAS"	"Testosteron Bebas"	"BETWEEN"	"0"	"100"	"Kuantitatif"	"Anak"	"Semua"	"2991-8"	"pg/mL"	"IFU Kit Reagen"	"VERIFIED"	"Evaluasi parameter analitik Testosteron Bebas pada panel FREE TESTOSTERONE."
"ODL1005-REP-0007"	"TESTOSTERON BEBAS"	"Testosteron Bebas"	"BETWEEN"	"52"	"280"	"Kuantitatif"	"Dewasa"	"Perempuan"	"2991-8"	"pg/mL"	"IFU Kit Reagen"	"VERIFIED"	"Evaluasi parameter analitik Testosteron Bebas pada panel FREE TESTOSTERONE."
"ODL1005-REP-0008"	"SHBG (GLOBULIN PENGIKAT HORMON SEKSUAL)"	"SHBG"	"BETWEEN"	"0"	"100"	"Kuantitatif"	"Dewasa"	"Semua"	"13967-5"	"nmol/L"	"IFU Kit Reagen"	"VERIFIED"	"Evaluasi parameter analitik SHBG pada panel SHBG (SEX HORMON BINDING GLOBULIN)."
"ODL1005-REP-0008"	"SHBG (GLOBULIN PENGIKAT HORMON SEKSUAL)"	"SHBG"	"BETWEEN"	"16.5"	"55.9"	"Kuantitatif"	"Dewasa"	"Perempuan"	"13967-5"	"nmol/L"	"IFU Kit Reagen"	"VERIFIED"	"Evaluasi parameter analitik SHBG pada panel SHBG (SEX HORMON BINDING GLOBULIN)."
"ODL1005-REP-0009"	"INDEKS ANDROGEN BEBAS"	"Free Androgen Index (FAI)"	"BETWEEN"	"0"	"100"	"Kuantitatif"	"Anak"	"Semua"	"1000-0"	"%"	"IFU Kit Reagen"	"VERIFIED"	"Evaluasi parameter analitik Free Androgen Index (FAI) pada panel FREE ANDROGEN INDEX."
"ODL1005-REP-0009"	"INDEKS ANDROGEN BEBAS"	"Free Androgen Index (FAI)"	"BETWEEN"	"30"	"150"	"Kuantitatif"	"Dewasa"	"Perempuan"	"1000-0"	"%"	"IFU Kit Reagen"	"VERIFIED"	"Evaluasi parameter analitik Free Androgen Index (FAI) pada panel FREE ANDROGEN INDEX."
"ODL1005-REP-0010"	"DEHIDROEPIANDROSTERON (DHEA-SO4)"	"DHEA-S"	"BETWEEN"	"0"	"100"	"Kuantitatif"	"Dewasa"	"Semua"	"2191-5"	"g/dL"	"IFU Kit Reagen"	"VERIFIED"	"Evaluasi parameter analitik DHEA-S pada panel DEHYDROEPIANDROSTERONE (DHEA-SO4)."
"ODL1005-REP-0010"	"DEHIDROEPIANDROSTERON (DHEA-SO4)"	"DHEA-S"	"BETWEEN"	"38"	"523"	"Kuantitatif"	"Dewasa"	"Perempuan"	"2191-5"	"g/dL"	"IFU Kit Reagen"	"VERIFIED"	"Evaluasi parameter analitik DHEA-S pada panel DEHYDROEPIANDROSTERONE (DHEA-SO4)."
"ODL1005-REP-0011"	"DHT (DIHIDROTESTOSTERON)"	"DHT (Dihidrotestosteron)"	"BETWEEN"	"0"	"100"	"Kuantitatif"	"Anak"	"Semua"	"2129-5"	"ng/dL"	"IFU Kit Reagen"	"VERIFIED"	"Evaluasi parameter analitik DHT (Dihidrotestosteron) pada panel DHT (DIHYDROTESTOSTERONE)."
"ODL1005-REP-0011"	"DHT (DIHIDROTESTOSTERON)"	"DHT (Dihidrotestosteron)"	"BETWEEN"	"30"	"85"	"Kuantitatif"	"Dewasa"	"Perempuan"	"2129-5"	"ng/dL"	"IFU Kit Reagen"	"VERIFIED"	"Evaluasi parameter analitik DHT (Dihidrotestosteron) pada panel DHT (DIHYDROTESTOSTERONE)."
"ODL1005-REP-0012"	"ANDROSTENEDIONE"	"Androstenedion"	"BETWEEN"	"0"	"100"	"Kuantitatif"	"Anak"	"Semua"	"1854-9"	"ng/dL"	"IFU Kit Reagen"	"VERIFIED"	"Evaluasi parameter analitik Androstenedion pada panel ANDROSTENEDIONE."
"ODL1005-REP-0012"	"ANDROSTENEDIONE"	"Androstenedion"	"BETWEEN"	"0"	"100"	"Kuantitatif"	"Dewasa"	"Semua"	"1854-9"	"ng/dL"	"IFU Kit Reagen"	"VERIFIED"	"Evaluasi parameter analitik Androstenedion pada panel ANDROSTENEDIONE."
"ODL1005-REP-0012"	"ANDROSTENEDIONE"	"Androstenedion"	"BETWEEN"	"44"	"186"	"Kuantitatif"	"Dewasa"	"Perempuan"	"1854-9"	"ng/dL"	"IFU Kit Reagen"	"VERIFIED"	"Evaluasi parameter analitik Androstenedion pada panel ANDROSTENEDIONE."
"ODL1005-REP-0013"	"17 HIDROKSIPROGESTERON"	"17-OH Progesteron"	"BETWEEN"	"0"	"91"	"Kuantitatif"	"Anak"	"Semua"	"1668-3"	"ng/dL"	"IFU Kit Reagen"	"VERIFIED"	"Evaluasi parameter analitik 17-OH Progesteron pada panel 17 HYDROXYPROGESTERONE."
"ODL1005-REP-0013"	"17 HIDROKSIPROGESTERON"	"17-OH Progesteron"	"BETWEEN"	"0"	"100"	"Kuantitatif"	"Anak"	"Perempuan"	"1668-3"	"ng/dL"	"IFU Kit Reagen"	"VERIFIED"	"Evaluasi parameter analitik 17-OH Progesteron pada panel 17 HYDROXYPROGESTERONE."
"ODL1005-REP-0013"	"17 HIDROKSIPROGESTERON"	"17-OH Progesteron"	"BETWEEN"	"27"	"199"	"Kuantitatif"	"Dewasa"	"Perempuan"	"1668-3"	"ng/dL"	"IFU Kit Reagen"	"VERIFIED"	"Evaluasi parameter analitik 17-OH Progesteron pada panel 17 HYDROXYPROGESTERONE."
"ODL1005-REP-0014"	"HORMON ANTI MULLERIAN (AMH)"	"AMH"	"BETWEEN"	"0"	"100"	"Kuantitatif"	"Dewasa"	"Perempuan"	"38476-0"	"ng/mL"	"IFU Kit Reagen"	"VERIFIED"	"Evaluasi parameter analitik AMH pada panel ANTI MULLERIAN HORMONE (AMH)."
"ODL1005-REP-0015"	"INHIBISI B"	"Inhibin B"	"BETWEEN"	"0"	"100"	"Kuantitatif"	"Anak"	"Perempuan"	"34670-2"	"pg/mL"	"IFU Kit Reagen"	"VERIFIED"	"Evaluasi parameter analitik Inhibin B pada panel ΙΝΗΙΒΙN B."
"ODL1005-REP-0015"	"INHIBISI B"	"Inhibin B"	"BETWEEN"	"25"	"325"	"Kuantitatif"	"Dewasa"	"Perempuan"	"34670-2"	"pg/mL"	"IFU Kit Reagen"	"VERIFIED"	"Evaluasi parameter analitik Inhibin B pada panel ΙΝΗΙΒΙN B."
"ODL1005-REP-0016"	"BETA HCG KUANTITATIF"	"Beta-hCG Kuantitatif"	"BETWEEN"	"5"	"426"	"Kuantitatif"	"Dewasa"	"Perempuan"	"19080-1"	"mIU/mL"	"IFU Kit Reagen"	"VERIFIED"	"Evaluasi parameter analitik Beta-hCG Kuantitatif pada panel BETA HCG KUANTITATIF."
"ODL1005-THY-0001"	"TOTAL T3"	"T3 Total"	"BETWEEN"	"0"	"100"	"Kuantitatif"	"Anak"	"Semua"	"3053-6"	"ng/dL"	"IFU Kit Reagen"	"VERIFIED"	"Evaluasi parameter analitik T3 Total pada panel T3 TOTAL."
"ODL1005-THY-0001"	"TOTAL T3"	"T3 Total"	"BETWEEN"	"80"	"200"	"Kuantitatif"	"Dewasa"	"Semua"	"3053-6"	"ng/dL"	"IFU Kit Reagen"	"VERIFIED"	"Evaluasi parameter analitik T3 Total pada panel T3 TOTAL."
"ODL1005-THY-0002"	"TOTAL T4"	"T4 Total"	"BETWEEN"	"0"	"100"	"Kuantitatif"	"Semua"	"Semua"	"3026-2"	"g/dL"	"IFU Kit Reagen"	"VERIFIED"	"Evaluasi parameter analitik T4 Total pada panel T4 TOTAL."
"ODL1005-THY-0002"	"TOTAL T4"	"T4 Total"	"BETWEEN"	"6.1"	"14.9"	"Kuantitatif"	"Anak"	"Semua"	"3026-2"	"g/dL"	"IFU Kit Reagen"	"VERIFIED"	"Evaluasi parameter analitik T4 Total pada panel T4 TOTAL."
"ODL1005-THY-0002"	"TOTAL T4"	"T4 Total"	"BETWEEN"	"4.5"	"12"	"Kuantitatif"	"Dewasa"	"Semua"	"3026-2"	"g/dL"	"IFU Kit Reagen"	"VERIFIED"	"Evaluasi parameter analitik T4 Total pada panel T4 TOTAL."
"ODL1005-THY-0003"	"T3 GRATIS"	"Free T3 (FT3)"	"BETWEEN"	"0"	"100"	"Kuantitatif"	"Anak"	"Semua"	"3051-0"	"pg/mL"	"IFU Kit Reagen"	"VERIFIED"	"Evaluasi parameter analitik Free T3 (FT3) pada panel FREE T3."
"ODL1005-THY-0003"	"T3 GRATIS"	"Free T3 (FT3)"	"BETWEEN"	"2.3"	"5"	"Kuantitatif"	"Dewasa"	"Semua"	"3051-0"	"pg/mL"	"IFU Kit Reagen"	"VERIFIED"	"Evaluasi parameter analitik Free T3 (FT3) pada panel FREE T3."
"ODL1005-THY-0004"	"T4 GRATIS"	"Free T4 (FT4)"	"BETWEEN"	"0"	"100"	"Kuantitatif"	"Semua"	"Semua"	"3024-7"	"ng/dL"	"IFU Kit Reagen"	"VERIFIED"	"Evaluasi parameter analitik Free T4 (FT4) pada panel FREE T4."
"ODL1005-THY-0004"	"T4 GRATIS"	"Free T4 (FT4)"	"BETWEEN"	"0.48"	"2.34"	"Kuantitatif"	"Anak"	"Semua"	"3024-7"	"ng/dL"	"IFU Kit Reagen"	"VERIFIED"	"Evaluasi parameter analitik Free T4 (FT4) pada panel FREE T4."
"ODL1005-THY-0004"	"T4 GRATIS"	"Free T4 (FT4)"	"BETWEEN"	"0.93"	"1.6"	"Kuantitatif"	"Dewasa"	"Semua"	"3024-7"	"ng/dL"	"IFU Kit Reagen"	"VERIFIED"	"Evaluasi parameter analitik Free T4 (FT4) pada panel FREE T4."
"ODL1005-THY-0004"	"T4 GRATIS"	"Free T4 (FT4)"	"BETWEEN"	"0.65"	"1.4"	"Kuantitatif"	"Dewasa"	"Perempuan"	"3024-7"	"ng/dL"	"IFU Kit Reagen"	"VERIFIED"	"Evaluasi parameter analitik Free T4 (FT4) pada panel FREE T4."
"ODL1005-THY-0005"	"Sensitif terhadap TSH"	"TSH"	"BETWEEN"	"0"	"100"	"Kuantitatif"	"Semua"	"Semua"	"3016-3"	"U/mL"	"IFU Kit Reagen"	"VERIFIED"	"Evaluasi parameter analitik TSH pada panel TSH SENSITIVE."
"ODL1005-THY-0005"	"Sensitif terhadap TSH"	"TSH"	"BETWEEN"	"0.9"	"7.7"	"Kuantitatif"	"Anak"	"Semua"	"3016-3"	"U/mL"	"IFU Kit Reagen"	"VERIFIED"	"Evaluasi parameter analitik TSH pada panel TSH SENSITIVE."
"ODL1005-THY-0005"	"Sensitif terhadap TSH"	"TSH"	"BETWEEN"	"0.4"	"4"	"Kuantitatif"	"Dewasa"	"Semua"	"3016-3"	"U/mL"	"IFU Kit Reagen"	"VERIFIED"	"Evaluasi parameter analitik TSH pada panel TSH SENSITIVE."
"ODL1005-THY-0005"	"Sensitif terhadap TSH"	"TSH"	"BETWEEN"	"0.1"	"2.5"	"Kuantitatif"	"Dewasa"	"Perempuan"	"3016-3"	"U/mL"	"IFU Kit Reagen"	"VERIFIED"	"Evaluasi parameter analitik TSH pada panel TSH SENSITIVE."
"ODL1005-THY-0006"	"Sensitif terhadap TSH (Neonatus)"	"TSH Neonatus"	"BETWEEN"	"0.8"	"6.9"	"Kuantitatif"	"Semua"	"Semua"	"3016-3"	"U/mL"	"IFU Kit Reagen"	"VERIFIED"	"Evaluasi parameter analitik TSH Neonatus pada panel TSH SENSITIVE (NEONATUS)."
"ODL1005-THY-0006"	"Sensitif terhadap TSH (Neonatus)"	"TSH Neonatus"	"BETWEEN"	"0"	"100"	"Kuantitatif"	"Dewasa"	"Semua"	"3016-3"	"U/mL"	"IFU Kit Reagen"	"VERIFIED"	"Evaluasi parameter analitik TSH Neonatus pada panel TSH SENSITIVE (NEONATUS)."
"ODL1005-THY-0007"	"PENGAMBILAN T3"	"T3 Uptake"	"BETWEEN"	"0"	"100"	"Kuantitatif"	"Anak"	"Semua"	"3050-2"	"%"	"IFU Kit Reagen"	"VERIFIED"	"Evaluasi parameter analitik T3 Uptake pada panel T3 UPTAKE."
"ODL1005-THY-0007"	"PENGAMBILAN T3"	"T3 Uptake"	"BETWEEN"	"25"	"35"	"Kuantitatif"	"Dewasa"	"Semua"	"3050-2"	"%"	"IFU Kit Reagen"	"VERIFIED"	"Evaluasi parameter analitik T3 Uptake pada panel T3 UPTAKE."
"ODL1005-THY-0008"	"INDEKS TIROKSIN BEBAS (FTI)"	"Free Thyroxine Index (FTI)"	"BETWEEN"	"0"	"100"	"Kuantitatif"	"Anak"	"Semua"	"3025-4"	"indeks"	"IFU Kit Reagen"	"VERIFIED"	"Evaluasi parameter analitik Free Thyroxine Index (FTI) pada panel FREE THYROXINE INDEX (FTI)."
"ODL1005-THY-0008"	"INDEKS TIROKSIN BEBAS (FTI)"	"Free Thyroxine Index (FTI)"	"BETWEEN"	"1.3"	"4.2"	"Kuantitatif"	"Dewasa"	"Semua"	"3025-4"	"indeks"	"IFU Kit Reagen"	"VERIFIED"	"Evaluasi parameter analitik Free Thyroxine Index (FTI) pada panel FREE THYROXINE INDEX (FTI)."
"ODL1005-THY-0009"	"T3 TERBALIK (RT3)"	"Reverse T3"	"BETWEEN"	"0"	"100"	"Kuantitatif"	"Anak"	"Semua"	"3055-1"	"ng/dL"	"IFU Kit Reagen"	"VERIFIED"	"Evaluasi parameter analitik Reverse T3 pada panel REVERSE T3 (RT3)."
"ODL1005-THY-0009"	"T3 TERBALIK (RT3)"	"Reverse T3"	"BETWEEN"	"9.2"	"24.1"	"Kuantitatif"	"Dewasa"	"Semua"	"3055-1"	"ng/dL"	"IFU Kit Reagen"	"VERIFIED"	"Evaluasi parameter analitik Reverse T3 pada panel REVERSE T3 (RT3)."
"ODL1005-THY-0010"	"ANTIGEN TIROGLOBULI"	"Thyroglobulin"	"BETWEEN"	"0"	"100"	"Kuantitatif"	"Anak"	"Semua"	"3013-0"	"ng/mL"	"IFU Kit Reagen"	"VERIFIED"	"Evaluasi parameter analitik Thyroglobulin pada panel THYROGLOBULIN ANTIGEN."
"ODL1005-THY-0010"	"ANTIGEN TIROGLOBULI"	"Thyroglobulin"	"BETWEEN"	"1.4"	"29.2"	"Kuantitatif"	"Dewasa"	"Perempuan"	"3013-0"	"ng/mL"	"IFU Kit Reagen"	"VERIFIED"	"Evaluasi parameter analitik Thyroglobulin pada panel THYROGLOBULIN ANTIGEN."
"ODL1005-THY-0010"	"ANTIGEN TIROGLOBULI"	"Thyroglobulin"	"BETWEEN"	"0"	"2"	"Kuantitatif"	"Dewasa"	"Semua"	"3013-0"	"ng/mL"	"IFU Kit Reagen"	"VERIFIED"	"Evaluasi parameter analitik Thyroglobulin pada panel THYROGLOBULIN ANTIGEN."
"ODL1005-THY-0011"	"ANTIBODI TIROGLOBULI"	"Anti-Thyroglobulin (Anti-Tg)"	"BETWEEN"	"0"	"1"	"Kuantitatif"	"Dewasa"	"Semua"	"8098-4"	"IU/mL"	"IFU Kit Reagen"	"VERIFIED"	"Evaluasi parameter analitik Anti-Thyroglobulin (Anti-Tg) pada panel THYROGLOBULIN ANTIBODY."
"ODL1005-THY-0012"	"ANTI TIROID PEROKSIDASE (ANTI TPO)"	"Anti-TPO"	"BETWEEN"	"0"	"9"	"Kuantitatif"	"Dewasa"	"Semua"	"8099-2"	"IU/mL"	"IFU Kit Reagen"	"VERIFIED"	"Evaluasi parameter analitik Anti-TPO pada panel ANTI THYROID PEROXIDASE (ANTI TPO)."
"ODL1005-THY-0013"	"ANTIBODI RESEPTOR TSH (TRAB)"	"TRAb – Negatif"	"BETWEEN"	"0"	"1"	"Kuantitatif"	"Dewasa"	"Semua"	"51596-5"	"U/L"	"IFU Kit Reagen"	"VERIFIED"	"Evaluasi parameter analitik TRAb – Negatif pada panel TSH RECEPTOR ANTIBODY (TRAB)."
"ODL1005-THY-0014"	"IMUNOGLOBULIN PERANGSANG TIROID"	"Thyroid-Stimulating Immunoglobulin (TSI)"	"BETWEEN"	"0"	"0.55"	"Kuantitatif"	"Dewasa"	"Semua"	"33871-5"	"IU/L"	"IFU Kit Reagen"	"VERIFIED"	"Evaluasi parameter analitik Thyroid-Stimulating Immunoglobulin (TSI) pada panel THYROID-STIMULATING IMMUNOGLOBULIN."
"ODL1005-THY-0015"	"KALSITONIN"	"Kalsitonin"	"BETWEEN"	"0"	"100"	"Kuantitatif"	"Anak"	"Semua"	"1827-5"	"pg/mL"	"IFU Kit Reagen"	"VERIFIED"	"Evaluasi parameter analitik Kalsitonin pada panel CALCITONIN."
"ODL1005-THY-0015"	"KALSITONIN"	"Kalsitonin"	"BETWEEN"	"0"	"8.4"	"Kuantitatif"	"Dewasa"	"Perempuan"	"1827-5"	"pg/mL"	"IFU Kit Reagen"	"VERIFIED"	"Evaluasi parameter analitik Kalsitonin pada panel CALCITONIN."
"ODL1005-BMM-0001"	"TOTAL VITAMIN D (25-OH)"	"Vitamin D Total 25-OH"	"BETWEEN"	"30"	"100"	"Kuantitatif"	"Dewasa"	"Semua"	"1989-3"	"ng/mL"	"IFU Kit Reagen"	"VERIFIED"	"Evaluasi parameter analitik Vitamin D Total 25-OH pada panel VITAMIN D TOTAL (25-OH)."
"ODL1005-BMM-0002"	"Vitamin D2 & D3 25-OH"	"Vitamin D2 (Ergokalsiferol)"	"BETWEEN"	"0"	"100"	"Kuantitatif"	"Dewasa"	"Semua"	"1989-3"	"ng/mL"	"IFU Kit Reagen"	"VERIFIED"	"Evaluasi parameter analitik Vitamin D2 (Ergokalsiferol) pada panel D2 & D3 25-OH VITAMIN."
"ODL1005-BMM-0002"	"Vitamin D2 & D3 25-OH"	"Vitamin D3 (Kolekalsiferol)"	"BETWEEN"	"0"	"100"	"Kuantitatif"	"Dewasa"	"Semua"	"1989-3"	"ng/mL"	"IFU Kit Reagen"	"VERIFIED"	"Evaluasi parameter analitik Vitamin D3 (Kolekalsiferol) pada panel D2 & D3 25-OH VITAMIN."
"ODL1005-BMM-0002"	"Vitamin D2 & D3 25-OH"	"Vitamin D Total (D2+D3)"	"BETWEEN"	"30"	"100"	"Kuantitatif"	"Dewasa"	"Semua"	"1989-3"	"ng/mL"	"IFU Kit Reagen"	"VERIFIED"	"Evaluasi parameter analitik Vitamin D Total (D2+D3) pada panel D2 & D3 25-OH VITAMIN."
"ODL1005-BMM-0003"	"N-MID OSTEOKALSIN"	"N-MID Osteocalcin"	"BETWEEN"	"0"	"100"	"Kuantitatif"	"Anak"	"Perempuan"	"2697-1"	"ng/mL"	"IFU Kit Reagen"	"VERIFIED"	"Evaluasi parameter analitik N-MID Osteocalcin pada panel N-MID OSTEOCALCIN."
"ODL1005-BMM-0003"	"N-MID OSTEOKALSIN"	"N-MID Osteocalcin"	"BETWEEN"	"14"	"46"	"Kuantitatif"	"Dewasa"	"Perempuan"	"2697-1"	"ng/mL"	"IFU Kit Reagen"	"VERIFIED"	"Evaluasi parameter analitik N-MID Osteocalcin pada panel N-MID OSTEOCALCIN."
"ODL1005-BMM-0004"	"CTX BETA CROSSLAPS"	"CTX (Beta CrossLaps)"	"BETWEEN"	"0"	"100"	"Kuantitatif"	"Dewasa"	"Perempuan"	"56759-3"	"ng/mL"	"IFU Kit Reagen"	"VERIFIED"	"Evaluasi parameter analitik CTX (Beta CrossLaps) pada panel CTX BETA CROSSLAPS."
"ODL1005-BMM-0005"	"PTH UTUH"	"PTH Intact"	"BETWEEN"	"0"	"100"	"Kuantitatif"	"Anak"	"Semua"	"2731-8"	"pg/mL"	"IFU Kit Reagen"	"VERIFIED"	"Evaluasi parameter analitik PTH Intact pada panel PTH INTACT."
"ODL1005-BMM-0005"	"PTH UTUH"	"PTH Intact"	"BETWEEN"	"0"	"100"	"Kuantitatif"	"Dewasa"	"Semua"	"2731-8"	"pg/mL"	"IFU Kit Reagen"	"VERIFIED"	"Evaluasi parameter analitik PTH Intact pada panel PTH INTACT."
"ODL1005-ADR-0001"	"KORTISOL PAGI ¹"	"Kortisol Pagi (08:00)"	"BETWEEN"	"0"	"100"	"Kuantitatif"	"Anak"	"Semua"	"2143-6"	"g/dL"	"IFU Kit Reagen"	"VERIFIED"	"Evaluasi parameter analitik Kortisol Pagi (08:00) pada panel CORTISOL MORNING ¹."
"ODL1005-ADR-0001"	"KORTISOL PAGI ¹"	"Kortisol Pagi (08:00)"	"BETWEEN"	"5"	"23"	"Kuantitatif"	"Dewasa"	"Semua"	"2143-6"	"g/dL"	"IFU Kit Reagen"	"VERIFIED"	"Evaluasi parameter analitik Kortisol Pagi (08:00) pada panel CORTISOL MORNING ¹."
"ODL1005-ADR-0002"	"KORTISOL SORE ²"	"Kortisol Sore (16:00)"	"BETWEEN"	"0"	"100"	"Kuantitatif"	"Anak"	"Semua"	"2147-7"	"g/dL"	"IFU Kit Reagen"	"VERIFIED"	"Evaluasi parameter analitik Kortisol Sore (16:00) pada panel CORTISOL AFTERNOON ²."
"ODL1005-ADR-0002"	"KORTISOL SORE ²"	"Kortisol Sore (16:00)"	"BETWEEN"	"3"	"15"	"Kuantitatif"	"Dewasa"	"Semua"	"2147-7"	"g/dL"	"IFU Kit Reagen"	"VERIFIED"	"Evaluasi parameter analitik Kortisol Sore (16:00) pada panel CORTISOL AFTERNOON ²."
"ODL1005-ADR-0002"	"KORTISOL SORE ²"	"Kortisol Malam (20:00)"	"BETWEEN"	"0"	"100"	"Kuantitatif"	"Anak"	"Semua"	"2147-7"	"g/dL"	"IFU Kit Reagen"	"VERIFIED"	"Evaluasi parameter analitik Kortisol Malam (20:00) pada panel CORTISOL AFTERNOON ²."
"ODL1005-ADR-0002"	"KORTISOL SORE ²"	"Kortisol Malam (20:00)"	"BETWEEN"	"0"	"50"	"Kuantitatif"	"Dewasa"	"Semua"	"2147-7"	"g/dL"	"IFU Kit Reagen"	"VERIFIED"	"Evaluasi parameter analitik Kortisol Malam (20:00) pada panel CORTISOL AFTERNOON ²."
"ODL1005-ADR-0003"	"ACTH"	"ACTH"	"BETWEEN"	"0"	"100"	"Kuantitatif"	"Anak"	"Semua"	"2141-0"	"pg/mL"	"IFU Kit Reagen"	"VERIFIED"	"Evaluasi parameter analitik ACTH pada panel ACTH."
"ODL1005-ADR-0003"	"ACTH"	"ACTH"	"BETWEEN"	"6"	"48"	"Kuantitatif"	"Dewasa"	"Semua"	"2141-0"	"pg/mL"	"IFU Kit Reagen"	"VERIFIED"	"Evaluasi parameter analitik ACTH pada panel ACTH."
"ODL1005-ADR-0004"	"HORMON PERTUMBUHAN"	"Growth Hormone (basal)"	"BETWEEN"	"0"	"100"	"Kuantitatif"	"Anak"	"Semua"	"2963-7"	"ng/mL"	"IFU Kit Reagen"	"VERIFIED"	"Evaluasi parameter analitik Growth Hormone (basal) pada panel GROWTH HORMONE."
"ODL1005-ADR-0004"	"HORMON PERTUMBUHAN"	"Growth Hormone (basal)"	"BETWEEN"	"0"	"6"	"Kuantitatif"	"Dewasa"	"Semua"	"2963-7"	"ng/mL"	"IFU Kit Reagen"	"VERIFIED"	"Evaluasi parameter analitik Growth Hormone (basal) pada panel GROWTH HORMONE."
"ODL1005-ADR-0004"	"HORMON PERTUMBUHAN"	"Growth Hormone (uji provokasi)"	"BETWEEN"	"0"	"100"	"Kuantitatif"	"Anak"	"Semua"	"2963-7"	"ng/mL"	"IFU Kit Reagen"	"VERIFIED"	"Evaluasi parameter analitik Growth Hormone (uji provokasi) pada panel GROWTH HORMONE."
"ODL1005-ADR-0004"	"HORMON PERTUMBUHAN"	"Growth Hormone (uji provokasi)"	"BETWEEN"	"7"	"100"	"Kuantitatif"	"Dewasa"	"Semua"	"2963-7"	"ng/mL"	"IFU Kit Reagen"	"VERIFIED"	"Evaluasi parameter analitik Growth Hormone (uji provokasi) pada panel GROWTH HORMONE."
"ODL1005-ADR-0005"	"IGF-1"	"IGF-1"	"BETWEEN"	"0"	"100"	"Kuantitatif"	"Dewasa"	"Perempuan"	"2484-4"	"ng/mL"	"IFU Kit Reagen"	"VERIFIED"	"Evaluasi parameter analitik IGF-1 pada panel IGF-1."
"ODL1005-ADR-0006"	"SERUM ALDOSTERON"	"Aldosteron"	"BETWEEN"	"4"	"48"	"Kuantitatif"	"Anak"	"Semua"	"1763-2"	"ng/dL"	"IFU Kit Reagen"	"VERIFIED"	"Evaluasi parameter analitik Aldosteron pada panel ALDOSTERON SERUM."
"ODL1005-ADR-0006"	"SERUM ALDOSTERON"	"Aldosteron"	"BETWEEN"	"0"	"31"	"Kuantitatif"	"Dewasa"	"Semua"	"1763-2"	"ng/dL"	"IFU Kit Reagen"	"VERIFIED"	"Evaluasi parameter analitik Aldosteron pada panel ALDOSTERON SERUM."
"ODL1005-ADR-0007"	"AKTIVITAS RENIN PLASMA (PRA)"	"Plasma Renin Activity (PRA)"	"BETWEEN"	"0"	"100"	"Kuantitatif"	"Anak"	"Semua"	"30089-7"	"ng/mL/jam"	"IFU Kit Reagen"	"VERIFIED"	"Evaluasi parameter analitik Plasma Renin Activity (PRA) pada panel PLASMA RENIN ACTIVITY (PRA)."
"ODL1005-ADR-0007"	"AKTIVITAS RENIN PLASMA (PRA)"	"Plasma Renin Activity (PRA)"	"BETWEEN"	"167"	"5380"	"Kuantitatif"	"Dewasa"	"Semua"	"30089-7"	"ng/mL/jam"	"IFU Kit Reagen"	"VERIFIED"	"Evaluasi parameter analitik Plasma Renin Activity (PRA) pada panel PLASMA RENIN ACTIVITY (PRA)."
"ODL1005-ADR-0007"	"AKTIVITAS RENIN PLASMA (PRA)"	"Rasio Aldosteron/Renin (ARR)"	"BETWEEN"	"0"	"100"	"Kuantitatif"	"Anak"	"Semua"	"1000-0"	"rasio"	"IFU Kit Reagen"	"VERIFIED"	"Evaluasi parameter analitik Rasio Aldosteron/Renin (ARR) pada panel PLASMA RENIN ACTIVITY (PRA)."
"ODL1005-ADR-0007"	"AKTIVITAS RENIN PLASMA (PRA)"	"Rasio Aldosteron/Renin (ARR)"	"BETWEEN"	"0"	"30"	"Kuantitatif"	"Dewasa"	"Semua"	"1000-0"	"rasio"	"IFU Kit Reagen"	"VERIFIED"	"Evaluasi parameter analitik Rasio Aldosteron/Renin (ARR) pada panel PLASMA RENIN ACTIVITY (PRA)."
"ODL1005-ADR-0008"	"HORMON ANTIDIURETIK (ADH, VASOPRESIN)"	"ADH (Vasopresin)"	"BETWEEN"	"0"	"100"	"Kuantitatif"	"Anak"	"Semua"	"19224-5"	"pg/mL"	"IFU Kit Reagen"	"VERIFIED"	"Evaluasi parameter analitik ADH (Vasopresin) pada panel HORMON ANTIDIURETIK (ADH, VASOPRESIN)."
"ODL1005-ADR-0008"	"HORMON ANTIDIURETIK (ADH, VASOPRESIN)"	"ADH (Vasopresin)"	"BETWEEN"	"1"	"5"	"Kuantitatif"	"Dewasa"	"Semua"	"19224-5"	"pg/mL"	"IFU Kit Reagen"	"VERIFIED"	"Evaluasi parameter analitik ADH (Vasopresin) pada panel HORMON ANTIDIURETIK (ADH, VASOPRESIN)."
"ODL1005-GUT-0001"	"5 LATIHAN"	"5-HIAA Urin 24 jam"	"BETWEEN"	"0"	"100"	"Kuantitatif"	"Anak"	"Semua"	"1695-6"	"U/L"	"IFU Kit Reagen"	"VERIFIED"	"Evaluasi parameter analitik 5-HIAA Urin 24 jam pada panel 5 HIAA."
"ODL1005-GUT-0001"	"5 LATIHAN"	"5-HIAA Urin 24 jam"	"BETWEEN"	"0"	"15"	"Kuantitatif"	"Dewasa"	"Semua"	"1695-6"	"U/L"	"IFU Kit Reagen"	"VERIFIED"	"Evaluasi parameter analitik 5-HIAA Urin 24 jam pada panel 5 HIAA."
"ODL1005-GUT-0001"	"5 LATIHAN"	"5-HIAA Urin (rasio kreatinin)"	"BETWEEN"	"0"	"100"	"Kuantitatif"	"Anak"	"Semua"	"1695-6"	"U/L"	"IFU Kit Reagen"	"VERIFIED"	"Evaluasi parameter analitik 5-HIAA Urin (rasio kreatinin) pada panel 5 HIAA."
"ODL1005-GUT-0001"	"5 LATIHAN"	"5-HIAA Urin (rasio kreatinin)"	"BETWEEN"	"0"	"7"	"Kuantitatif"	"Dewasa"	"Semua"	"1695-6"	"U/L"	"IFU Kit Reagen"	"VERIFIED"	"Evaluasi parameter analitik 5-HIAA Urin (rasio kreatinin) pada panel 5 HIAA."
"ODL1003-ALR-0001"	"TOTAL IGE"	"IGE TOTAL"	"BETWEEN"	"0"	"200"	"Kuantitatif"	"Dewasa"	"Semua"	"5059-1"	"IU/mL"	"CLSI I/LA21-A2"	"VERIFIED"	"Penetapan analit kuantitatif IGE TOTAL mengacu pada panduan baku ISO 15189."
"ODL1003-ALR-0002"	"PEDIATRIC ALERGI IGE"	"PEDIATRIC ALERGI IGE"	"BETWEEN"	"0"	"200"	"Kuantitatif"	"Dewasa"	"Semua"	"5059-1"	"IU/mL"	"CLSI I/LA21-A2"	"VERIFIED"	"Penetapan analit kuantitatif PEDIATRIC ALERGI IGE mengacu pada panduan baku ISO 15189."
"ODL1003-ALR-0003"	"PANEL ALERGI RJ (54 PARAMETER)"	"PANEL Parameter"	"BETWEEN"	"0"	"200"	"Kuantitatif"	"Dewasa"	"Semua"	"5059-1"	"IU/mL"	"CLSI I/LA21-A2"	"VERIFIED"	"Penetapan analit kuantitatif PANEL Parameter mengacu pada panduan baku ISO 15189."
"ODL1003-ALR-0004"	"PANEL ALERGI PEDIATRIK"	"PANEL Parameter"	"BETWEEN"	"0"	"200"	"Kuantitatif"	"Dewasa"	"Semua"	"5059-1"	"IU/mL"	"CLSI I/LA21-A2"	"VERIFIED"	"Penetapan analit kuantitatif PANEL Parameter mengacu pada panduan baku ISO 15189."
"ODL1003-ALR-0005"	"PANEL ALERGI UMUM I (INDONESIA)"	"PANEL Parameter"	"BETWEEN"	"0"	"200"	"Kuantitatif"	"Dewasa"	"Semua"	"5059-1"	"IU/mL"	"CLSI I/LA21-A2"	"VERIFIED"	"Penetapan analit kuantitatif PANEL Parameter mengacu pada panduan baku ISO 15189."
"ODL1003-ALR-0006"	"PANEL ALERGI UMUM II (MAKANAN)"	"PANEL Parameter"	"BETWEEN"	"0"	"200"	"Kuantitatif"	"Dewasa"	"Semua"	"5059-1"	"IU/mL"	"CLSI I/LA21-A2"	"VERIFIED"	"Penetapan analit kuantitatif PANEL Parameter mengacu pada panduan baku ISO 15189."
"ODL1003-IGC-0001"	"SETIAP ORANG"	"IGA"	"BETWEEN"	"0"	"200"	"Kuantitatif"	"Dewasa"	"Semua"	"5059-1"	"IU/mL"	"CLSI I/LA21-A2"	"VERIFIED"	"Penetapan analit kuantitatif IGA mengacu pada panduan baku ISO 15189."
"ODL1003-IGC-0002"	"IGG"	"IGG"	"BETWEEN"	"0"	"200"	"Kuantitatif"	"Dewasa"	"Semua"	"5059-1"	"IU/mL"	"CLSI I/LA21-A2"	"VERIFIED"	"Penetapan analit kuantitatif IGG mengacu pada panduan baku ISO 15189."
"ODL1003-IGC-0003"	"IGM"	"IGM"	"BETWEEN"	"0"	"200"	"Kuantitatif"	"Dewasa"	"Semua"	"5059-1"	"IU/mL"	"CLSI I/LA21-A2"	"VERIFIED"	"Penetapan analit kuantitatif IGM mengacu pada panduan baku ISO 15189."
"ODL1003-IGC-0004"	"IMUNOGLOBULI D"	"IMMUNOGLOBULIN D"	"BETWEEN"	"0"	"200"	"Kuantitatif"	"Dewasa"	"Semua"	"5059-1"	"IU/mL"	"CLSI I/LA21-A2"	"VERIFIED"	"Penetapan analit kuantitatif IMMUNOGLOBULIN D mengacu pada panduan baku ISO 15189."
"ODL1003-IGC-0005"	"KOMPLEMEN C3"	"COMPLEMENT C3"	"BETWEEN"	"0"	"200"	"Kuantitatif"	"Dewasa"	"Semua"	"5059-1"	"IU/mL"	"CLSI I/LA21-A2"	"VERIFIED"	"Penetapan analit kuantitatif COMPLEMENT C3 mengacu pada panduan baku ISO 15189."
"ODL1003-IGC-0006"	"KOMPLEMEN C4"	"COMPLEMENT C4"	"BETWEEN"	"0"	"200"	"Kuantitatif"	"Dewasa"	"Semua"	"5059-1"	"IU/mL"	"CLSI I/LA21-A2"	"VERIFIED"	"Penetapan analit kuantitatif COMPLEMENT C4 mengacu pada panduan baku ISO 15189."
"ODL1003-IGC-0007"	"ALPHA 2-MAKROGLOBULIN"	"ALPHA 2-MACROGLOBULIN"	"BETWEEN"	"0"	"200"	"Kuantitatif"	"Dewasa"	"Semua"	"5059-1"	"IU/mL"	"CLSI I/LA21-A2"	"VERIFIED"	"Penetapan analit kuantitatif ALPHA 2-MACROGLOBULIN mengacu pada panduan baku ISO 15189."
"ODL1003-IGC-0008"	"HAPTOGLOBIN"	"HAPTOGLOBIN"	"BETWEEN"	"0"	"200"	"Kuantitatif"	"Dewasa"	"Semua"	"5059-1"	"IU/mL"	"CLSI I/LA21-A2"	"VERIFIED"	"Penetapan analit kuantitatif HAPTOGLOBIN mengacu pada panduan baku ISO 15189."
"ODL1003-ADA-0001"	"ANTI-INSULIN AB"	"ANTI-INSULIN AB"	"BETWEEN"	"0"	"200"	"Kuantitatif"	"Dewasa"	"Semua"	"5059-1"	"IU/mL"	"CLSI I/LA21-A2"	"VERIFIED"	"Penetapan analit kuantitatif ANTI-INSULIN AB mengacu pada panduan baku ISO 15189."
"ODL1003-ADA-0002"	"ISLET CELL AUTOANTOBODY (ICA)"	"ISLET CELL AUTOANTOBODY"	"BETWEEN"	"0"	"200"	"Kuantitatif"	"Dewasa"	"Semua"	"5059-1"	"IU/mL"	"CLSI I/LA21-A2"	"VERIFIED"	"Penetapan analit kuantitatif ISLET CELL AUTOANTOBODY mengacu pada panduan baku ISO 15189."
"ODL1003-ADA-0003"	"ANTIBODI SPESIFIK MIOSITIS"	"MYOSITIS SPECIFIC ANTIBODY"	"BETWEEN"	"0"	"200"	"Kuantitatif"	"Dewasa"	"Semua"	"5059-1"	"IU/mL"	"CLSI I/LA21-A2"	"VERIFIED"	"Penetapan analit kuantitatif MYOSITIS SPECIFIC ANTIBODY mengacu pada panduan baku ISO 15189."
"ODL1006-UGN-0001"	"URINE LENGKAP / COMPLETE URINALYSIS (CHEMSED)"	"URINE LENGKAP / COMPLETE URINALYSIS"	"BETWEEN"	"0"	"15"	"Kuantitatif"	"Dewasa"	"Semua"	"24356-8"	"mg/dL"	"CLSI GP16-A3"	"VERIFIED"	"Penetapan analit kuantitatif URINE LENGKAP / COMPLETE URINALYSIS mengacu pada panduan baku ISO 15189."
"ODL1006-UGN-0002"	"TES RUTIN URIN / TES RUTIN (PROTEIN, GLUKOSA, SEDIKIT)"	"URINE RUTIN / ROUTINE TEST"	"BETWEEN"	"0"	"15"	"Kuantitatif"	"Dewasa"	"Semua"	"24356-8"	"mg/dL"	"CLSI GP16-A3"	"VERIFIED"	"Penetapan analit kuantitatif URINE RUTIN / ROUTINE TEST mengacu pada panduan baku ISO 15189."
"ODL1006-UGN-0003"	"Saya pikir Protein Jones"	"PROTEIN BENCE JONES"	"BETWEEN"	"0"	"15"	"Kuantitatif"	"Dewasa"	"Semua"	"24356-8"	"mg/dL"	"CLSI GP16-A3"	"VERIFIED"	"Penetapan analit kuantitatif PROTEIN BENCE JONES mengacu pada panduan baku ISO 15189."
"ODL1006-UGN-0004"	"PROTEIN ESBACH"	"PROTEIN ESBACH"	"BETWEEN"	"0"	"15"	"Kuantitatif"	"Dewasa"	"Semua"	"24356-8"	"mg/dL"	"CLSI GP16-A3"	"VERIFIED"	"Penetapan analit kuantitatif PROTEIN ESBACH mengacu pada panduan baku ISO 15189."
"ODL1006-UGN-0005"	"PROTEIN URIN IKLAN ACAK"	"PROTEIN URINE AD RANDOM"	"BETWEEN"	"0"	"15"	"Kuantitatif"	"Dewasa"	"Semua"	"24356-8"	"mg/dL"	"CLSI GP16-A3"	"VERIFIED"	"Penetapan analit kuantitatif PROTEIN URINE AD RANDOM mengacu pada panduan baku ISO 15189."
"ODL1006-UGN-0006"	"RASIO PROTEIN KREATININ"	"PROTEIN CREATININE RATIO"	"BETWEEN"	"0"	"15"	"Kuantitatif"	"Dewasa"	"Semua"	"24356-8"	"mg/dL"	"CLSI GP16-A3"	"VERIFIED"	"Penetapan analit kuantitatif PROTEIN CREATININE RATIO mengacu pada panduan baku ISO 15189."
"ODL1006-UGN-0007"	"RASIO ALBUMIN KREATININ"	"ALBUMIN CREATININE RATIO"	"BETWEEN"	"0"	"15"	"Kuantitatif"	"Dewasa"	"Semua"	"24356-8"	"mg/dL"	"CLSI GP16-A3"	"VERIFIED"	"Penetapan analit kuantitatif ALBUMIN CREATININE RATIO mengacu pada panduan baku ISO 15189."
"ODL1006-UGN-0008"	"OSMOLARITAS URINE"	"OSMOLARITAS URINE"	"BETWEEN"	"0"	"15"	"Kuantitatif"	"Dewasa"	"Semua"	"24356-8"	"mg/dL"	"CLSI GP16-A3"	"VERIFIED"	"Penetapan analit kuantitatif OSMOLARITAS URINE mengacu pada panduan baku ISO 15189."
"ODL1006-UGN-0009"	"AMYLASE URINE"	"AMILASE URINE"	"BETWEEN"	"0"	"15"	"Kuantitatif"	"Dewasa"	"Semua"	"24356-8"	"mg/dL"	"CLSI GP16-A3"	"VERIFIED"	"Penetapan analit kuantitatif AMILASE URINE mengacu pada panduan baku ISO 15189."
"ODL1006-UGN-0010"	"DISMORFIK ERITROSIT"	"ERYTHROCYTE DISMORPHIC"	"BETWEEN"	"0"	"15"	"Kuantitatif"	"Dewasa"	"Semua"	"24356-8"	"mg/dL"	"CLSI GP16-A3"	"VERIFIED"	"Penetapan analit kuantitatif ERYTHROCYTE DISMORPHIC mengacu pada panduan baku ISO 15189."
"ODL1006-PRG-0001"	"TES STRIP KEHAMILAN (β-HCG)"	"PREGNANCY  STRIP TEST"	"BETWEEN"	"0"	"15"	"Kuantitatif"	"Dewasa"	"Semua"	"24356-8"	"mg/dL"	"CLSI GP16-A3"	"VERIFIED"	"Penetapan analit kuantitatif PREGNANCY  STRIP TEST mengacu pada panduan baku ISO 15189."
"ODL1006-PRG-0002"	"TES KEHAMILAN (β-HCG) 25 mIU"	"PREGNANCY  TEST 25 mIU"	"BETWEEN"	"0"	"15"	"Kuantitatif"	"Dewasa"	"Semua"	"24356-8"	"mg/dL"	"CLSI GP16-A3"	"VERIFIED"	"Penetapan analit kuantitatif PREGNANCY  TEST 25 mIU mengacu pada panduan baku ISO 15189."
"ODL1006-FCL-0001"	"FAECES LENGKAP (FEME FAECES)"	"FAECES LENGKAP"	"BETWEEN"	"0"	"15"	"Kuantitatif"	"Dewasa"	"Semua"	"24356-8"	"mg/dL"	"CLSI GP16-A3"	"VERIFIED"	"Penetapan analit kuantitatif FAECES LENGKAP mengacu pada panduan baku ISO 15189."
"ODL1006-FCL-0002"	"TINJA RUTIN (TINJA RUTIN)"	"FAECES RUTIN"	"BETWEEN"	"0"	"15"	"Kuantitatif"	"Dewasa"	"Semua"	"24356-8"	"mg/dL"	"CLSI GP16-A3"	"VERIFIED"	"Penetapan analit kuantitatif FAECES RUTIN mengacu pada panduan baku ISO 15189."
"ODL1006-FCL-0003"	"WAJAH GASTROFISIK"	"FAECES GASTRO"	"BETWEEN"	"0"	"15"	"Kuantitatif"	"Dewasa"	"Semua"	"24356-8"	"mg/dL"	"CLSI GP16-A3"	"VERIFIED"	"Penetapan analit kuantitatif FAECES GASTRO mengacu pada panduan baku ISO 15189."
"ODL1006-FCL-0004"	"DARAH TERSEMBUNYI (TINJA)"	"OCCULT BLOOD"	"BETWEEN"	"0"	"15"	"Kuantitatif"	"Dewasa"	"Semua"	"24356-8"	"mg/dL"	"CLSI GP16-A3"	"VERIFIED"	"Penetapan analit kuantitatif OCCULT BLOOD mengacu pada panduan baku ISO 15189."
"ODL1006-FCL-0005"	"M2PK"	"M2PK"	"BETWEEN"	"0"	"15"	"Kuantitatif"	"Dewasa"	"Semua"	"24356-8"	"mg/dL"	"CLSI GP16-A3"	"VERIFIED"	"Penetapan analit kuantitatif M2PK mengacu pada panduan baku ISO 15189."
"ODL1006-FCL-0006"	"ANTIGEN TINJA H. PYLORI (HpSA)"	"H. PYLORI STOOL ANTIGEN"	"BETWEEN"	"0"	"15"	"Kuantitatif"	"Dewasa"	"Semua"	"24356-8"	"mg/dL"	"CLSI GP16-A3"	"VERIFIED"	"Penetapan analit kuantitatif H. PYLORI STOOL ANTIGEN mengacu pada panduan baku ISO 15189."
"ODL1006-FCL-0007"	"ANTIGEN ROTAVIRUS"	"ROTAVIRUS ANTIGEN"	"BETWEEN"	"0"	"15"	"Kuantitatif"	"Dewasa"	"Semua"	"24356-8"	"mg/dL"	"CLSI GP16-A3"	"VERIFIED"	"Penetapan analit kuantitatif ROTAVIRUS ANTIGEN mengacu pada panduan baku ISO 15189."
"ODL1006-FCL-0008"	"ANTIGEN CLOSTRIDIUM DIFFICIL"	"CLOSTRIDIUM DIFFICILE ANTIGEN"	"BETWEEN"	"0"	"15"	"Kuantitatif"	"Dewasa"	"Semua"	"24356-8"	"mg/dL"	"CLSI GP16-A3"	"VERIFIED"	"Penetapan analit kuantitatif CLOSTRIDIUM DIFFICILE ANTIGEN mengacu pada panduan baku ISO 15189."
"ODL1006-FCL-0009"	"KALPROTEKTIN"	"CALPROTECTIN"	"BETWEEN"	"0"	"15"	"Kuantitatif"	"Dewasa"	"Semua"	"24356-8"	"mg/dL"	"CLSI GP16-A3"	"VERIFIED"	"Penetapan analit kuantitatif CALPROTECTIN mengacu pada panduan baku ISO 15189."
"ODL1006-BFA-0001"	"ANALISA CAIRAN TUBUH LAIN"	"ANALISA CAIRAN TUBUH LAIN"	"BETWEEN"	"0"	"15"	"Kuantitatif"	"Dewasa"	"Semua"	"24356-8"	"mg/dL"	"CLSI GP16-A3"	"VERIFIED"	"Penetapan analit kuantitatif ANALISA CAIRAN TUBUH LAIN mengacu pada panduan baku ISO 15189."
"ODL1006-BFA-0002"	"CSF - RUTIN (JUMLAH SEL TOTAL, JUMLAH DIFERENSIAL, NONNE-PANDY)"	"CSF - ROUTINE"	"BETWEEN"	"0"	"15"	"Kuantitatif"	"Dewasa"	"Semua"	"24356-8"	"mg/dL"	"CLSI GP16-A3"	"VERIFIED"	"Penetapan analit kuantitatif CSF - ROUTINE mengacu pada panduan baku ISO 15189."
"ODL1006-BFA-0003"	"GASTRIC FLUID ANALYSIS / ANALISIS CAIRAN LAMBUNG"	"GASTRIC FLUID ANALYSIS / ANALISIS CAIRAN LAMBUNG"	"BETWEEN"	"0"	"15"	"Kuantitatif"	"Dewasa"	"Semua"	"24356-8"	"mg/dL"	"CLSI GP16-A3"	"VERIFIED"	"Penetapan analit kuantitatif GASTRIC FLUID ANALYSIS / ANALISIS CAIRAN LAMBUNG mengacu pada panduan baku ISO 15189."
"ODL1006-BFA-0004"	"ANALISIS CAIRAN ABDOMINAL / ANALISIS CAIRAN ASCITES"	"ABDOMINAL FLUID ANALYSIS / ANALISIS CAIRAN ASCITES"	"BETWEEN"	"0"	"15"	"Kuantitatif"	"Dewasa"	"Semua"	"24356-8"	"mg/dL"	"CLSI GP16-A3"	"VERIFIED"	"Penetapan analit kuantitatif ABDOMINAL FLUID ANALYSIS / ANALISIS CAIRAN ASCITES mengacu pada panduan baku ISO 15189."
"ODL1006-BFA-0005"	"JOINT FLUID ANALYSIS / ANALISIS CAIRAN SENDI"	"JOINT FLUID ANALYSIS / ANALISIS CAIRAN SENDI"	"BETWEEN"	"0"	"15"	"Kuantitatif"	"Dewasa"	"Semua"	"24356-8"	"mg/dL"	"CLSI GP16-A3"	"VERIFIED"	"Penetapan analit kuantitatif JOINT FLUID ANALYSIS / ANALISIS CAIRAN SENDI mengacu pada panduan baku ISO 15189."
"ODL1006-BFA-0006"	"PLEURAL FLUID ANALYSIS / ANALISIS CAIRAN PLEURA"	"PLEURAL FLUID ANALYSIS / ANALISIS CAIRAN PLEURA"	"BETWEEN"	"0"	"15"	"Kuantitatif"	"Dewasa"	"Semua"	"24356-8"	"mg/dL"	"CLSI GP16-A3"	"VERIFIED"	"Penetapan analit kuantitatif PLEURAL FLUID ANALYSIS / ANALISIS CAIRAN PLEURA mengacu pada panduan baku ISO 15189."
"ODL1006-OBG-0001"	"SPERM ANALYSIS / ANALISIS SPERMA"	"SPERM ANALYSIS / ANALISIS SPERMA"	"BETWEEN"	"0"	"15"	"Kuantitatif"	"Dewasa"	"Semua"	"24356-8"	"mg/dL"	"CLSI GP16-A3"	"VERIFIED"	"Penetapan analit kuantitatif SPERM ANALYSIS / ANALISIS SPERMA mengacu pada panduan baku ISO 15189."
"ODL1006-OBG-0002"	"TES CEPAT AMNIOTIK (LAKMUS)"	"AMNIOTIC QUIK TEST"	"BETWEEN"	"0"	"15"	"Kuantitatif"	"Dewasa"	"Semua"	"24356-8"	"mg/dL"	"CLSI GP16-A3"	"VERIFIED"	"Penetapan analit kuantitatif AMNIOTIC QUIK TEST mengacu pada panduan baku ISO 15189."
"ODL1006-STN-0001"	"ANALISA BATU EMPEDU"	"ANALISA BATU EMPEDU"	"BETWEEN"	"0"	"15"	"Kuantitatif"	"Dewasa"	"Semua"	"24356-8"	"mg/dL"	"CLSI GP16-A3"	"VERIFIED"	"Penetapan analit kuantitatif ANALISA BATU EMPEDU mengacu pada panduan baku ISO 15189."
"ODL1006-STN-0002"	"RENAL STONE ANALYSIS / ANALISIS BATU GINJAL"	"RENAL STONE ANALYSIS / ANALISIS BATU GINJAL"	"BETWEEN"	"0"	"15"	"Kuantitatif"	"Dewasa"	"Semua"	"24356-8"	"mg/dL"	"CLSI GP16-A3"	"VERIFIED"	"Penetapan analit kuantitatif RENAL STONE ANALYSIS / ANALISIS BATU GINJAL mengacu pada panduan baku ISO 15189."
"ODL1006-STN-0003"	"URETHER STONE ANALYSIS / ANALISA BATU URETER"	"URETHER STONE ANALYSIS / ANALISA BATU URETER"	"BETWEEN"	"0"	"15"	"Kuantitatif"	"Dewasa"	"Semua"	"24356-8"	"mg/dL"	"CLSI GP16-A3"	"VERIFIED"	"Penetapan analit kuantitatif URETHER STONE ANALYSIS / ANALISA BATU URETER mengacu pada panduan baku ISO 15189."
"ODL1006-STN-0004"	"VESICAL STONE ANALYSIS / ANALISIS BATU KANDUNG KEMIH"	"VESICAL STONE ANALYSIS / ANALISIS BATU KANDUNG KEMIH"	"BETWEEN"	"0"	"15"	"Kuantitatif"	"Dewasa"	"Semua"	"24356-8"	"mg/dL"	"CLSI GP16-A3"	"VERIFIED"	"Penetapan analit kuantitatif VESICAL STONE ANALYSIS / ANALISIS BATU KANDUNG KEMIH mengacu pada panduan baku ISO 15189."
"ODL1006-DRG-0001"	"AMFETAMIN"	"AMPHETAMINE"	"BETWEEN"	"0"	"15"	"Kuantitatif"	"Dewasa"	"Semua"	"24356-8"	"mg/dL"	"CLSI GP16-A3"	"VERIFIED"	"Penetapan analit kuantitatif AMPHETAMINE mengacu pada panduan baku ISO 15189."
"ODL1006-DRG-0002"	"METAMFETAMIN"	"METAMPHETAMINE"	"BETWEEN"	"0"	"15"	"Kuantitatif"	"Dewasa"	"Semua"	"24356-8"	"mg/dL"	"CLSI GP16-A3"	"VERIFIED"	"Penetapan analit kuantitatif METAMPHETAMINE mengacu pada panduan baku ISO 15189."
"ODL1006-DRG-0003"	"SARUNG TANGAN AP/LAT"	"MANUS AP/LAT"	"BETWEEN"	"0"	"15"	"Kuantitatif"	"Dewasa"	"Semua"	"24356-8"	"mg/dL"	"CLSI GP16-A3"	"VERIFIED"	"Penetapan analit kuantitatif MANUS AP/LAT mengacu pada panduan baku ISO 15189."
"ODL1006-DRG-0004"	"BENZODIAZEPIN"	"BENZODIAZEPINE"	"BETWEEN"	"0"	"15"	"Kuantitatif"	"Dewasa"	"Semua"	"24356-8"	"mg/dL"	"CLSI GP16-A3"	"VERIFIED"	"Penetapan analit kuantitatif BENZODIAZEPINE mengacu pada panduan baku ISO 15189."
"ODL1006-DRG-0005"	"KOKAIN"	"COCAINE"	"BETWEEN"	"0"	"15"	"Kuantitatif"	"Dewasa"	"Semua"	"24356-8"	"mg/dL"	"CLSI GP16-A3"	"VERIFIED"	"Penetapan analit kuantitatif COCAINE mengacu pada panduan baku ISO 15189."
"ODL1006-DRG-0006"	"MORFIN"	"MORPHINE"	"BETWEEN"	"0"	"15"	"Kuantitatif"	"Dewasa"	"Semua"	"24356-8"	"mg/dL"	"CLSI GP16-A3"	"VERIFIED"	"Penetapan analit kuantitatif MORPHINE mengacu pada panduan baku ISO 15189."
"ODL1006-DRG-0007"	"GANJA/THC"	"CANABIS/THC"	"BETWEEN"	"0"	"15"	"Kuantitatif"	"Dewasa"	"Semua"	"24356-8"	"mg/dL"	"CLSI GP16-A3"	"VERIFIED"	"Penetapan analit kuantitatif CANABIS/THC mengacu pada panduan baku ISO 15189."
"ODL1006-DRG-0008"	"PCP (FENSIKLIDIN)"	"PCP"	"BETWEEN"	"0"	"15"	"Kuantitatif"	"Dewasa"	"Semua"	"24356-8"	"mg/dL"	"CLSI GP16-A3"	"VERIFIED"	"Penetapan analit kuantitatif PCP mengacu pada panduan baku ISO 15189."
"ODL1006-DRG-0009"	"METADON"	"METHADONE"	"BETWEEN"	"0"	"15"	"Kuantitatif"	"Dewasa"	"Semua"	"24356-8"	"mg/dL"	"CLSI GP16-A3"	"VERIFIED"	"Penetapan analit kuantitatif METHADONE mengacu pada panduan baku ISO 15189."
"ODL1006-DRG-0010"	"SOMADRIL/CARISOPRODOL"	"SOMADRIL/CARISOPRODOL"	"BETWEEN"	"0"	"15"	"Kuantitatif"	"Dewasa"	"Semua"	"24356-8"	"mg/dL"	"CLSI GP16-A3"	"VERIFIED"	"Penetapan analit kuantitatif SOMADRIL/CARISOPRODOL mengacu pada panduan baku ISO 15189."
"ODL1006-DRG-0011"	"KOTININ"	"COTININE"	"BETWEEN"	"0"	"15"	"Kuantitatif"	"Dewasa"	"Semua"	"24356-8"	"mg/dL"	"CLSI GP16-A3"	"VERIFIED"	"Penetapan analit kuantitatif COTININE mengacu pada panduan baku ISO 15189."
"ODL1006-DRG-0012"	"PENYALAHGUNAAN NARKOBA 3 PARAMETER"	"DRUG ABUSE 3 PARAMETERS"	"BETWEEN"	"0"	"15"	"Kuantitatif"	"Dewasa"	"Semua"	"24356-8"	"mg/dL"	"CLSI GP16-A3"	"VERIFIED"	"Penetapan analit kuantitatif DRUG ABUSE 3 PARAMETERS mengacu pada panduan baku ISO 15189."
"ODL1006-DRG-0013"	"PENYALAHGUNAAN NARKOBA: 6 PARAMETER"	"DRUG ABUSE 6 PARAMETERS"	"BETWEEN"	"0"	"15"	"Kuantitatif"	"Dewasa"	"Semua"	"24356-8"	"mg/dL"	"CLSI GP16-A3"	"VERIFIED"	"Penetapan analit kuantitatif DRUG ABUSE 6 PARAMETERS mengacu pada panduan baku ISO 15189."
"ODL1006-QNT-0001"	"UREUM URIN"	"UREUM URINE"	"BETWEEN"	"0"	"15"	"Kuantitatif"	"Dewasa"	"Semua"	"24356-8"	"mg/dL"	"CLSI GP16-A3"	"VERIFIED"	"Penetapan analit kuantitatif UREUM URINE mengacu pada panduan baku ISO 15189."
"ODL1006-QNT-0002"	"KREATININ URIN"	"CREATININ URINE"	"BETWEEN"	"0"	"15"	"Kuantitatif"	"Dewasa"	"Semua"	"24356-8"	"mg/dL"	"CLSI GP16-A3"	"VERIFIED"	"Penetapan analit kuantitatif CREATININ URINE mengacu pada panduan baku ISO 15189."
"ODL1006-QNT-0003"	"ASAM URAT URIN"	"URIC ACID URINE"	"BETWEEN"	"0"	"15"	"Kuantitatif"	"Dewasa"	"Semua"	"24356-8"	"mg/dL"	"CLSI GP16-A3"	"VERIFIED"	"Penetapan analit kuantitatif URIC ACID URINE mengacu pada panduan baku ISO 15189."
"ODL1006-QNT-0004"	"NATRIUM URIN"	"SODIUM URINE"	"BETWEEN"	"0"	"15"	"Kuantitatif"	"Dewasa"	"Semua"	"24356-8"	"mg/dL"	"CLSI GP16-A3"	"VERIFIED"	"Penetapan analit kuantitatif SODIUM URINE mengacu pada panduan baku ISO 15189."
"ODL1006-QNT-0005"	"KALIUM URIN"	"POTASSIUM URINE"	"BETWEEN"	"0"	"15"	"Kuantitatif"	"Dewasa"	"Semua"	"24356-8"	"mg/dL"	"CLSI GP16-A3"	"VERIFIED"	"Penetapan analit kuantitatif POTASSIUM URINE mengacu pada panduan baku ISO 15189."
"ODL1006-QNT-0006"	"URIN KLORIDA"	"CHLORIDE URINE"	"BETWEEN"	"0"	"15"	"Kuantitatif"	"Dewasa"	"Semua"	"24356-8"	"mg/dL"	"CLSI GP16-A3"	"VERIFIED"	"Penetapan analit kuantitatif CHLORIDE URINE mengacu pada panduan baku ISO 15189."
"ODL1006-QNT-0007"	"KALSIUM URIN"	"CALCIUM URINE"	"BETWEEN"	"0"	"15"	"Kuantitatif"	"Dewasa"	"Semua"	"24356-8"	"mg/dL"	"CLSI GP16-A3"	"VERIFIED"	"Penetapan analit kuantitatif CALCIUM URINE mengacu pada panduan baku ISO 15189."
"ODL1006-QNT-0008"	"URIN ANORGANIK FOSFOR"	"PHOSPOR ANORGANIC URINE"	"BETWEEN"	"0"	"15"	"Kuantitatif"	"Dewasa"	"Semua"	"24356-8"	"mg/dL"	"CLSI GP16-A3"	"VERIFIED"	"Penetapan analit kuantitatif PHOSPOR ANORGANIC URINE mengacu pada panduan baku ISO 15189."
"ODL1006-QNT-0009"	"URIN VMA"	"VMA URINE"	"BETWEEN"	"0"	"15"	"Kuantitatif"	"Dewasa"	"Semua"	"24356-8"	"mg/dL"	"CLSI GP16-A3"	"VERIFIED"	"Penetapan analit kuantitatif VMA URINE mengacu pada panduan baku ISO 15189."
"ODL1006-QNT-0010"	"PROTEIN URIN KUANTITATIF"	"PROTEIN URINE QUANTITATIVE"	"BETWEEN"	"0"	"15"	"Kuantitatif"	"Dewasa"	"Semua"	"24356-8"	"mg/dL"	"CLSI GP16-A3"	"VERIFIED"	"Penetapan analit kuantitatif PROTEIN URINE QUANTITATIVE mengacu pada panduan baku ISO 15189."
"ODL1006-QNT-0011"	"MIKROALBUMIN URIN"	"MICRO-ALBUMIN URINE"	"BETWEEN"	"0"	"15"	"Kuantitatif"	"Dewasa"	"Semua"	"24356-8"	"mg/dL"	"CLSI GP16-A3"	"VERIFIED"	"Penetapan analit kuantitatif MICRO-ALBUMIN URINE mengacu pada panduan baku ISO 15189."
"ODL1006-QNT-0012"	"URIN MAGNESIUM"	"MAGNESIUM URINE"	"BETWEEN"	"0"	"15"	"Kuantitatif"	"Dewasa"	"Semua"	"24356-8"	"mg/dL"	"CLSI GP16-A3"	"VERIFIED"	"Penetapan analit kuantitatif MAGNESIUM URINE mengacu pada panduan baku ISO 15189."
"ODL1006-QNT-0013"	"Klirens Kreatinin"	"CREATININE CLEARANCE"	"BETWEEN"	"0"	"15"	"Kuantitatif"	"Dewasa"	"Semua"	"24356-8"	"mg/dL"	"CLSI GP16-A3"	"VERIFIED"	"Penetapan analit kuantitatif CREATININE CLEARANCE mengacu pada panduan baku ISO 15189."
"ODL2001-CTR-0001"	"Budaya BTA"	"Kultur BTA (M. tuberculosis)"	"BETWEEN"	"0"	"100"	"Kuantitatif"	"Dewasa"	"Semua"	"543-9"	"U/mL"	"CLSI M100-Ed32"	"VERIFIED"	"Evaluasi parameter analitik Kultur BTA (M. tuberculosis) pada panel KULTUR BTA."
"ODL2001-CTR-0001"	"Budaya BTA"	"Uji Kepekaan OAT (DST)"	"BETWEEN"	"0"	"100"	"Kuantitatif"	"Dewasa"	"Semua"	"1000-0"	"U/mL"	"CLSI M100-Ed32"	"VERIFIED"	"Evaluasi parameter analitik Uji Kepekaan OAT (DST) pada panel KULTUR BTA."
"ODL2001-CTR-0002"	"KEBERSIHAN BUDAYA"	"Kultur Cairan Empedu (Gall)"	"BETWEEN"	"0"	"100"	"Kuantitatif"	"Dewasa"	"Semua"	"1000-0"	"U/mL"	"CLSI M100-Ed32"	"VERIFIED"	"Evaluasi parameter analitik Kultur Cairan Empedu (Gall) pada panel KULTUR GALL."
"ODL2001-CTR-0003"	"SWAB REKTAL"	"Rectal Swab"	"BETWEEN"	"0"	"100"	"Kuantitatif"	"Dewasa"	"Semua"	"1000-0"	"U/mL"	"CLSI M100-Ed32"	"VERIFIED"	"Evaluasi parameter analitik Rectal Swab pada panel RECTAL SWAB."
"ODL2001-CTR-0004"	"KULTUR USAP TENGGOROK"	"Kultur Usap Tenggorok"	"BETWEEN"	"0"	"100"	"Kuantitatif"	"Dewasa"	"Semua"	"1000-0"	"U/mL"	"CLSI M100-Ed32"	"VERIFIED"	"Evaluasi parameter analitik Kultur Usap Tenggorok pada panel KULTUR USAP TENGGOROK."
"ODL2001-CTR-0005"	"KULTUR DARAH"	"Kultur Darah"	"BETWEEN"	"0"	"100"	"Kuantitatif"	"Dewasa"	"Semua"	"600-7"	"U/mL"	"CLSI M100-Ed32"	"VERIFIED"	"Evaluasi parameter analitik Kultur Darah pada panel KULTUR DARAH."
"ODL2001-CTR-0005"	"KULTUR DARAH"	"Identifikasi & Sensitivitas"	"BETWEEN"	"0"	"100"	"Kuantitatif"	"Dewasa"	"Semua"	"1000-0"	"U/mL"	"CLSI M100-Ed32"	"VERIFIED"	"Evaluasi parameter analitik Identifikasi & Sensitivitas pada panel KULTUR DARAH."
"ODL2001-CTR-0006"	"KULTUR TINJA"	"Kultur Feses"	"BETWEEN"	"0"	"100"	"Kuantitatif"	"Dewasa"	"Semua"	"625-4"	"U/mL"	"CLSI M100-Ed32"	"VERIFIED"	"Evaluasi parameter analitik Kultur Feses pada panel KULTUR FECES."
"ODL2001-CTR-0007"	"KULTUR URIN"	"Kultur Urine – Tidak bermakna"	"BETWEEN"	"0"	"10"	"Kuantitatif"	"Dewasa"	"Semua"	"630-4"	"CFU/mL"	"CLSI M100-Ed32"	"VERIFIED"	"Evaluasi parameter analitik Kultur Urine – Tidak bermakna pada panel KULTUR URINE."
"ODL2001-CTR-0007"	"KULTUR URIN"	"Kultur Urine – Bermakna (ISK)"	"BETWEEN"	"10"	"100"	"Kuantitatif"	"Dewasa"	"Semua"	"630-4"	"CFU/mL"	"CLSI M100-Ed32"	"VERIFIED"	"Evaluasi parameter analitik Kultur Urine – Bermakna (ISK) pada panel KULTUR URINE."
"ODL2001-CTR-0008"	"BUDAYA NUS"	"Kultur Pus"	"BETWEEN"	"0"	"100"	"Kuantitatif"	"Dewasa"	"Semua"	"1000-0"	"U/mL"	"CLSI M100-Ed32"	"VERIFIED"	"Evaluasi parameter analitik Kultur Pus pada panel KULTUR PUS."
"ODL2001-CTR-0009"	"BUDAYA MELUDAH"	"Kultur Sputum"	"BETWEEN"	"0"	"100"	"Kuantitatif"	"Dewasa"	"Semua"	"1000-0"	"U/mL"	"CLSI M100-Ed32"	"VERIFIED"	"Evaluasi parameter analitik Kultur Sputum pada panel KULTUR SPUTUM."
"ODL2001-CTR-0010"	"KULTUR SPERMA"	"Kultur Sperma"	"BETWEEN"	"0"	"100"	"Kuantitatif"	"Dewasa"	"Semua"	"1000-0"	"U/mL"	"CLSI M100-Ed32"	"VERIFIED"	"Evaluasi parameter analitik Kultur Sperma pada panel KULTUR SPERMA."
"ODL2001-CTR-0011"	"BUDAYA PERGI"	"Kultur GO (N. gonorrhoeae)"	"BETWEEN"	"0"	"100"	"Kuantitatif"	"Dewasa"	"Semua"	"1000-0"	"U/mL"	"CLSI M100-Ed32"	"VERIFIED"	"Evaluasi parameter analitik Kultur GO (N. gonorrhoeae) pada panel KULTUR GO."
"ODL2001-CTR-0012"	"KULTUR JAMUR"	"Kultur Jamur"	"BETWEEN"	"0"	"100"	"Kuantitatif"	"Dewasa"	"Semua"	"580-1"	"U/mL"	"CLSI M100-Ed32"	"VERIFIED"	"Evaluasi parameter analitik Kultur Jamur pada panel KULTUR JAMUR."
"ODL2001-CTR-0013"	"KULTUR MRSA"	"Kultur MRSA (skrining)"	"BETWEEN"	"0"	"100"	"Kuantitatif"	"Dewasa"	"Semua"	"1000-0"	"U/mL"	"CLSI M100-Ed32"	"VERIFIED"	"Evaluasi parameter analitik Kultur MRSA (skrining) pada panel KULTUR MRSA."
"ODL2001-CTR-0014"	"KULTUR ANAEROBIK"	"Kultur Anaerob"	"BETWEEN"	"0"	"100"	"Kuantitatif"	"Dewasa"	"Semua"	"1000-0"	"U/mL"	"CLSI M100-Ed32"	"VERIFIED"	"Evaluasi parameter analitik Kultur Anaerob pada panel KULTUR ANAEROB."
"ODL2001-CTR-0015"	"KULTUR CAIRAN PLEURA"	"Kultur Cairan Pleura"	"BETWEEN"	"0"	"100"	"Kuantitatif"	"Dewasa"	"Semua"	"1000-0"	"U/mL"	"CLSI M100-Ed32"	"VERIFIED"	"Evaluasi parameter analitik Kultur Cairan Pleura pada panel KULTUR CAIRAN PLEURA."
"ODL2001-CTR-0016"	"KULTUR CAIRAN TUBUH LAIN"	"Kultur Cairan Tubuh Lain"	"BETWEEN"	"0"	"100"	"Kuantitatif"	"Dewasa"	"Semua"	"1000-0"	"U/mL"	"CLSI M100-Ed32"	"VERIFIED"	"Evaluasi parameter analitik Kultur Cairan Tubuh Lain pada panel KULTUR CAIRAN TUBUH LAIN."
"ODL2001-CTR-0017"	"KULTUR LAIN LAIN"	"Kultur Lain-lain"	"BETWEEN"	"0"	"100"	"Kuantitatif"	"Dewasa"	"Semua"	"1000-0"	"U/mL"	"CLSI M100-Ed32"	"VERIFIED"	"Evaluasi parameter analitik Kultur Lain-lain pada panel KULTUR LAIN LAIN."
"ODL2001-CTR-0018"	"ENDOTOKSIN"	"Endotoksin (LAL Test)"	"BETWEEN"	"0"	"0.5"	"Kuantitatif"	"Dewasa"	"Semua"	"1000-0"	"EU/mL"	"CLSI M100-Ed32"	"VERIFIED"	"Evaluasi parameter analitik Endotoksin (LAL Test) pada panel ENDOTOKSIN."
"ODL2001-CTR-0019"	"KULTUR UDARA RUANGAN"	"Kultur Udara Ruangan"	"BETWEEN"	"0"	"100"	"Kuantitatif"	"Dewasa"	"Semua"	"1000-0"	"U/mL"	"CLSI M100-Ed32"	"VERIFIED"	"Evaluasi parameter analitik Kultur Udara Ruangan pada panel KULTUR UDARA RUANGAN."
"ODL2001-CTR-0020"	"KULTUR SWAB LINGKUNGAN"	"Kultur Swab Lingkungan"	"BETWEEN"	"0"	"100"	"Kuantitatif"	"Dewasa"	"Semua"	"1000-0"	"U/mL"	"CLSI M100-Ed32"	"VERIFIED"	"Evaluasi parameter analitik Kultur Swab Lingkungan pada panel KULTUR SWAB LINGKUNGAN."
"ODL2001-CTR-0021"	"KULTUR MAKANAN"	"Kultur Makanan"	"BETWEEN"	"0"	"100"	"Kuantitatif"	"Dewasa"	"Semua"	"1000-0"	"U/mL"	"CLSI M100-Ed32"	"VERIFIED"	"Evaluasi parameter analitik Kultur Makanan pada panel KULTUR MAKANAN."
"ODL2001-STN-0001"	"PEWARNAAN BTA"	"Pewarnaan BTA – Negatif"	"BETWEEN"	"0"	"100"	"Kuantitatif"	"Dewasa"	"Semua"	"11477-7"	"U/mL"	"CLSI M100-Ed32"	"VERIFIED"	"Evaluasi parameter analitik Pewarnaan BTA – Negatif pada panel PEWARNAAN BTA."
"ODL2001-STN-0002"	"SEDIAAN KOH"	"Sediaan KOH"	"BETWEEN"	"0"	"100"	"Kuantitatif"	"Dewasa"	"Semua"	"6461-8"	"U/mL"	"CLSI M100-Ed32"	"VERIFIED"	"Evaluasi parameter analitik Sediaan KOH pada panel SEDIAAN KOH."
"ODL2001-STN-0003"	"PEWARNAAN BTA 2X"	"Pewarnaan BTA 2x (2 spesimen)"	"BETWEEN"	"0"	"100"	"Kuantitatif"	"Dewasa"	"Semua"	"11477-7"	"U/mL"	"CLSI M100-Ed32"	"VERIFIED"	"Evaluasi parameter analitik Pewarnaan BTA 2x (2 spesimen) pada panel PEWARNAAN BTA 2X."
"ODL2001-STN-0004"	"PEWARNAAN GRAM"	"Pewarnaan Gram – Bakteri"	"BETWEEN"	"0"	"100"	"Kuantitatif"	"Dewasa"	"Semua"	"664-3"	"U/mL"	"CLSI M100-Ed32"	"VERIFIED"	"Evaluasi parameter analitik Pewarnaan Gram – Bakteri pada panel PEWARNAAN GRAM."
"ODL2001-STN-0005"	"PEWARNAAN DIPHTERI"	"Pewarnaan Difteri (Neisser/Albert)"	"BETWEEN"	"0"	"100"	"Kuantitatif"	"Dewasa"	"Semua"	"1000-0"	"U/mL"	"CLSI M100-Ed32"	"VERIFIED"	"Evaluasi parameter analitik Pewarnaan Difteri (Neisser/Albert) pada panel PEWARNAAN DIPHTERI."
"ODL2001-STN-0006"	"TRICHOMONAS"	"Trichomonas vaginalis"	"BETWEEN"	"0"	"100"	"Kuantitatif"	"Dewasa"	"Semua"	"16718-9"	"U/mL"	"CLSI M100-Ed32"	"VERIFIED"	"Evaluasi parameter analitik Trichomonas vaginalis pada panel TRICHOMONAS."
"ODL3001-CYT-0001"	"PAP SMEAR (KONVENSIONAL)"	"Pap Smear – Kecukupan Sediaan"	"BETWEEN"	"0"	"100"	"Kuantitatif"	"Anak"	"Perempuan"	"10524-7"	"U/mL"	"IFU Kit Reagen"	"VERIFIED"	"Evaluasi parameter analitik Pap Smear – Kecukupan Sediaan pada panel PAP SMEAR (KONVENSIONAL)."
"ODL3001-CYT-0001"	"PAP SMEAR (KONVENSIONAL)"	"Pap Smear – Kecukupan Sediaan"	"BETWEEN"	"0"	"100"	"Kuantitatif"	"Dewasa"	"Perempuan"	"10524-7"	"U/mL"	"IFU Kit Reagen"	"VERIFIED"	"Evaluasi parameter analitik Pap Smear – Kecukupan Sediaan pada panel PAP SMEAR (KONVENSIONAL)."
"ODL3001-CYT-0002"	"SITOLOGI"	"Sitologi"	"BETWEEN"	"0"	"100"	"Kuantitatif"	"Dewasa"	"Semua"	"47527-7"	"U/mL"	"IFU Kit Reagen"	"VERIFIED"	"Evaluasi parameter analitik Sitologi pada panel SITOLOGI."
"ODL3001-CYT-0003"	"PAPSMEAR THIN PREP"	"Pap Smear ThinPrep – Kecukupan"	"BETWEEN"	"0"	"100"	"Kuantitatif"	"Anak"	"Perempuan"	"47528-5"	"U/mL"	"IFU Kit Reagen"	"VERIFIED"	"Evaluasi parameter analitik Pap Smear ThinPrep – Kecukupan pada panel PAPSMEAR THIN PREP."
"ODL3001-CYT-0003"	"PAPSMEAR THIN PREP"	"Pap Smear ThinPrep – Kecukupan"	"BETWEEN"	"0"	"100"	"Kuantitatif"	"Dewasa"	"Perempuan"	"47528-5"	"U/mL"	"IFU Kit Reagen"	"VERIFIED"	"Evaluasi parameter analitik Pap Smear ThinPrep – Kecukupan pada panel PAPSMEAR THIN PREP."
"ODL3001-HIS-0001"	"JARINGAN KECIL"	"Histopatologi – Jaringan Kecil"	"BETWEEN"	"0"	"100"	"Kuantitatif"	"Dewasa"	"Semua"	"60567-4"	"U/mL"	"IFU Kit Reagen"	"VERIFIED"	"Evaluasi parameter analitik Histopatologi – Jaringan Kecil pada panel JARINGAN KECIL."
"ODL3001-HIS-0002"	"JARINGAN SEDANG"	"Histopatologi – Jaringan Sedang"	"BETWEEN"	"0"	"100"	"Kuantitatif"	"Dewasa"	"Semua"	"60567-4"	"U/mL"	"IFU Kit Reagen"	"VERIFIED"	"Evaluasi parameter analitik Histopatologi – Jaringan Sedang pada panel JARINGAN SEDANG."
"ODL3001-HIS-0003"	"JARINGAN BESAR"	"Histopatologi – Jaringan Besar"	"BETWEEN"	"0"	"100"	"Kuantitatif"	"Dewasa"	"Semua"	"60567-4"	"U/mL"	"IFU Kit Reagen"	"VERIFIED"	"Evaluasi parameter analitik Histopatologi – Jaringan Besar pada panel JARINGAN BESAR."
"ODL3001-IHK-0001"	"Kamar Dagang (PANEL PAYUDARA)"	"ER (Estrogen Receptor)"	"BETWEEN"	"0"	"100"	"Kuantitatif"	"Anak"	"Perempuan"	"16112-5"	"%"	"IFU Kit Reagen"	"VERIFIED"	"Evaluasi parameter analitik ER (Estrogen Receptor) pada panel IHK (BREAST PANEL)."
"ODL3001-IHK-0001"	"Kamar Dagang (PANEL PAYUDARA)"	"ER (Estrogen Receptor)"	"BETWEEN"	"0"	"1"	"Kuantitatif"	"Dewasa"	"Perempuan"	"16112-5"	"%"	"IFU Kit Reagen"	"VERIFIED"	"Evaluasi parameter analitik ER (Estrogen Receptor) pada panel IHK (BREAST PANEL)."
"ODL3001-IHK-0001"	"Kamar Dagang (PANEL PAYUDARA)"	"PR (Progesterone Receptor)"	"BETWEEN"	"0"	"100"	"Kuantitatif"	"Anak"	"Perempuan"	"16113-3"	"%"	"IFU Kit Reagen"	"VERIFIED"	"Evaluasi parameter analitik PR (Progesterone Receptor) pada panel IHK (BREAST PANEL)."
"ODL3001-IHK-0001"	"Kamar Dagang (PANEL PAYUDARA)"	"PR (Progesterone Receptor)"	"BETWEEN"	"0"	"1"	"Kuantitatif"	"Dewasa"	"Perempuan"	"16113-3"	"%"	"IFU Kit Reagen"	"VERIFIED"	"Evaluasi parameter analitik PR (Progesterone Receptor) pada panel IHK (BREAST PANEL)."
"ODL3001-IHK-0001"	"Kamar Dagang (PANEL PAYUDARA)"	"HER2 (IHK)"	"BETWEEN"	"0"	"100"	"Kuantitatif"	"Anak"	"Perempuan"	"85319-2"	"U/L"	"IFU Kit Reagen"	"VERIFIED"	"Evaluasi parameter analitik HER2 (IHK) pada panel IHK (BREAST PANEL)."
"ODL3001-IHK-0001"	"Kamar Dagang (PANEL PAYUDARA)"	"HER2 (IHK)"	"BETWEEN"	"0"	"100"	"Kuantitatif"	"Dewasa"	"Perempuan"	"85319-2"	"U/L"	"IFU Kit Reagen"	"VERIFIED"	"Evaluasi parameter analitik HER2 (IHK) pada panel IHK (BREAST PANEL)."
"ODL3001-IHK-0001"	"Kamar Dagang (PANEL PAYUDARA)"	"Ki-67 (indeks proliferasi)"	"BETWEEN"	"0"	"100"	"Kuantitatif"	"Anak"	"Perempuan"	"85337-4"	"%"	"IFU Kit Reagen"	"VERIFIED"	"Evaluasi parameter analitik Ki-67 (indeks proliferasi) pada panel IHK (BREAST PANEL)."
"ODL3001-IHK-0001"	"Kamar Dagang (PANEL PAYUDARA)"	"Ki-67 (indeks proliferasi)"	"BETWEEN"	"0"	"100"	"Kuantitatif"	"Dewasa"	"Perempuan"	"85337-4"	"%"	"IFU Kit Reagen"	"VERIFIED"	"Evaluasi parameter analitik Ki-67 (indeks proliferasi) pada panel IHK (BREAST PANEL)."
"ODL3001-IHK-0002"	"IHK (KASUS SULIT)"	"Imunohistokimia (kasus sulit)"	"BETWEEN"	"0"	"100"	"Kuantitatif"	"Dewasa"	"Semua"	"44669-6"	"U/mL"	"IFU Kit Reagen"	"VERIFIED"	"Evaluasi parameter analitik Imunohistokimia (kasus sulit) pada panel IHK (KASUS SULIT)."
"ODL3001-IHK-0003"	"EGFR MUTASI"	"EGFR MUTASI"	"BETWEEN"	"0"	"100"	"Kuantitatif"	"Dewasa"	"Semua"	"1000-0"	"U/L"	"IFU Kit Reagen"	"VERIFIED"	"Penetapan analit kuantitatif EGFR MUTASI mengacu pada panduan baku ISO 15189."
"ODL4009-INF-0001"	"PCR CHLAMYDIA TRACHOMATIS"	"PCR Chlamydia trachomatis"	"BETWEEN"	"0"	"100"	"Kuantitatif"	"Dewasa"	"Semua"	"21613-5"	"U/mL"	"WHO International Standard"	"VERIFIED"	"Evaluasi parameter analitik PCR Chlamydia trachomatis pada panel PCR CHLAMYDIA TRACHOMATIS."
"ODL4009-INF-0002"	"PCR NEISSERIA GONORRHOEAE"	"PCR Neisseria gonorrhoeae"	"BETWEEN"	"0"	"100"	"Kuantitatif"	"Dewasa"	"Semua"	"21414-8"	"U/mL"	"WHO International Standard"	"VERIFIED"	"Evaluasi parameter analitik PCR Neisseria gonorrhoeae pada panel PCR NEISSERIA GONORRHOEAE."
"ODL4009-INF-0003"	"PCR PARVOVIRUS B19"	"PCR Parvovirus B19"	"BETWEEN"	"0"	"100"	"Kuantitatif"	"Dewasa"	"Semua"	"49222-3"	"U/mL"	"WHO International Standard"	"VERIFIED"	"Evaluasi parameter analitik PCR Parvovirus B19 pada panel PCR PARVOVIRUS B19."
"ODL4009-INF-0004"	"PCR EBV KUALITATIF"	"PCR EBV (Kualitatif)"	"BETWEEN"	"0"	"100"	"Kuantitatif"	"Dewasa"	"Semua"	"30089-7"	"U/mL"	"WHO International Standard"	"VERIFIED"	"Evaluasi parameter analitik PCR EBV (Kualitatif) pada panel PCR EBV KUALITATIF."
"ODL4009-INF-0005"	"PCR EBV KUANTITATIF"	"PCR EBV (Kuantitatif)"	"BETWEEN"	"0"	"100"	"Kuantitatif"	"Dewasa"	"Semua"	"40982-3"	"IU/mL"	"WHO International Standard"	"VERIFIED"	"Evaluasi parameter analitik PCR EBV (Kuantitatif) pada panel PCR EBV KUANTITATIF."
"ODL4009-INF-0005"	"PCR EBV KUANTITATIF"	"PCR EBV – Viral Load"	"BETWEEN"	"0"	"100"	"Kuantitatif"	"Dewasa"	"Semua"	"40982-3"	"IU/mL"	"WHO International Standard"	"VERIFIED"	"Evaluasi parameter analitik PCR EBV – Viral Load pada panel PCR EBV KUANTITATIF."
"ODL4009-INF-0006"	"PCR CMV KUALITATIF"	"PCR CMV (Kualitatif)"	"BETWEEN"	"0"	"100"	"Kuantitatif"	"Dewasa"	"Semua"	"5000-5"	"U/mL"	"WHO International Standard"	"VERIFIED"	"Evaluasi parameter analitik PCR CMV (Kualitatif) pada panel PCR CMV KUALITATIF."
"ODL4009-INF-0007"	"PCR CMV KUANTITATIF"	"PCR CMV (Kuantitatif)"	"BETWEEN"	"0"	"100"	"Kuantitatif"	"Dewasa"	"Semua"	"49302-3"	"IU/mL"	"WHO International Standard"	"VERIFIED"	"Evaluasi parameter analitik PCR CMV (Kuantitatif) pada panel PCR CMV KUANTITATIF."
"ODL4009-INF-0007"	"PCR CMV KUANTITATIF"	"PCR CMV – Viral Load"	"BETWEEN"	"0"	"100"	"Kuantitatif"	"Dewasa"	"Semua"	"49302-3"	"IU/mL"	"WHO International Standard"	"VERIFIED"	"Evaluasi parameter analitik PCR CMV – Viral Load pada panel PCR CMV KUANTITATIF."
"ODL4009-INF-0008"	"PCR HSV 1 & 2"	"PCR HSV-1 & HSV-2"	"BETWEEN"	"0"	"100"	"Kuantitatif"	"Dewasa"	"Semua"	"5010-4"	"U/mL"	"WHO International Standard"	"VERIFIED"	"Evaluasi parameter analitik PCR HSV-1 & HSV-2 pada panel PCR HSV 1& 2."
"ODL4009-INF-0009"	"PCR TOXOPLASMA"	"PCR Toxoplasma gondii"	"BETWEEN"	"0"	"100"	"Kuantitatif"	"Dewasa"	"Semua"	"41163-9"	"U/mL"	"WHO International Standard"	"VERIFIED"	"Evaluasi parameter analitik PCR Toxoplasma gondii pada panel PCR TOXOPLASMA."
"ODL4009-INF-0010"	"PCR VARICELLA ZOSTER (VZV)"	"PCR Varicella Zoster (VZV)"	"BETWEEN"	"0"	"100"	"Kuantitatif"	"Dewasa"	"Semua"	"49531-7"	"U/mL"	"WHO International Standard"	"VERIFIED"	"Evaluasi parameter analitik PCR Varicella Zoster (VZV) pada panel PCR VARICELLA ZOSTER (VZV)."
"ODL4009-INF-0011"	"PCR SARS COV 2019"	"PCR SARS-CoV-2"	"BETWEEN"	"0"	"100"	"Kuantitatif"	"Dewasa"	"Semua"	"94500-6"	"U/mL"	"WHO International Standard"	"VERIFIED"	"Evaluasi parameter analitik PCR SARS-CoV-2 pada panel PCR SARS COV 2019."
"ODL4009-INF-0012"	"PCR REAL TIME - KUANTITATIF DNA HBV"	"HBV DNA (Kuantitatif)"	"BETWEEN"	"10"	"20"	"Kuantitatif"	"Dewasa"	"Semua"	"29615-2"	"IU/mL"	"WHO International Standard"	"VERIFIED"	"Evaluasi parameter analitik HBV DNA (Kuantitatif) pada panel REAL TIME PCR - HBV DNA QUANTITATIVE."
"ODL4009-INF-0012"	"PCR REAL TIME - KUANTITATIF DNA HBV"	"HBV DNA – Viral Load"	"BETWEEN"	"0"	"100"	"Kuantitatif"	"Dewasa"	"Semua"	"29615-2"	"IU/mL"	"WHO International Standard"	"VERIFIED"	"Evaluasi parameter analitik HBV DNA – Viral Load pada panel REAL TIME PCR - HBV DNA QUANTITATIVE."
"ODL4009-INF-0013"	"PCR REAL TIME - KUANTITATIF RNA HCV"	"HCV RNA (Kuantitatif)"	"BETWEEN"	"0"	"100"	"Kuantitatif"	"Dewasa"	"Semua"	"38180-6"	"IU/mL"	"WHO International Standard"	"VERIFIED"	"Evaluasi parameter analitik HCV RNA (Kuantitatif) pada panel REAL TIME PCR - HCV RNA QUANTITATIVE."
"ODL4009-INF-0013"	"PCR REAL TIME - KUANTITATIF RNA HCV"	"HCV RNA – SVR12"	"BETWEEN"	"0"	"100"	"Kuantitatif"	"Dewasa"	"Semua"	"38180-6"	"U/mL"	"WHO International Standard"	"VERIFIED"	"Evaluasi parameter analitik HCV RNA – SVR12 pada panel REAL TIME PCR - HCV RNA QUANTITATIVE."
"ODL4009-INF-0014"	"RNA HCV KUALITATIF"	"HCV RNA (Kualitatif)"	"BETWEEN"	"0"	"100"	"Kuantitatif"	"Dewasa"	"Semua"	"11011-4"	"U/mL"	"WHO International Standard"	"VERIFIED"	"Evaluasi parameter analitik HCV RNA (Kualitatif) pada panel HCV RNA QUALITATIVE."
"ODL4009-INF-0015"	"GENOTIPING RNA HCV"	"HCV Genotyping"	"BETWEEN"	"0"	"100"	"Kuantitatif"	"Dewasa"	"Semua"	"32286-7"	"U/mL"	"WHO International Standard"	"VERIFIED"	"Evaluasi parameter analitik HCV Genotyping pada panel HCV RNA GENOTYPING."
"ODL4009-INF-0016"	"PCR MYCOBACTERIUM TB"	"PCR Mycobacterium tuberculosis"	"BETWEEN"	"0"	"100"	"Kuantitatif"	"Dewasa"	"Semua"	"38379-4"	"U/mL"	"WHO International Standard"	"VERIFIED"	"Evaluasi parameter analitik PCR Mycobacterium tuberculosis pada panel PCR MYCOBACTERIUM TB."
"ODL4009-INF-0016"	"PCR MYCOBACTERIUM TB"	"Resistensi Rifampisin"	"BETWEEN"	"0"	"100"	"Kuantitatif"	"Dewasa"	"Semua"	"1000-0"	"U/mL"	"WHO International Standard"	"VERIFIED"	"Evaluasi parameter analitik Resistensi Rifampisin pada panel PCR MYCOBACTERIUM TB."
"ODL4009-INF-0017"	"PCR SALMONELLA"	"PCR Salmonella"	"BETWEEN"	"0"	"100"	"Kuantitatif"	"Dewasa"	"Semua"	"82196-0"	"U/mL"	"WHO International Standard"	"VERIFIED"	"Evaluasi parameter analitik PCR Salmonella pada panel PCR SALMONELLA."
"ODL4009-INF-0018"	"PCR DENGUE"	"PCR Dengue"	"BETWEEN"	"0"	"100"	"Kuantitatif"	"Dewasa"	"Semua"	"49015-1"	"U/mL"	"WHO International Standard"	"VERIFIED"	"Evaluasi parameter analitik PCR Dengue pada panel PCR DENGUE."
"ODL4009-INF-0018"	"PCR DENGUE"	"Serotipe Dengue"	"BETWEEN"	"0"	"100"	"Kuantitatif"	"Dewasa"	"Semua"	"1000-0"	"U/mL"	"WHO International Standard"	"VERIFIED"	"Evaluasi parameter analitik Serotipe Dengue pada panel PCR DENGUE."
"ODL4009-INF-0019"	"PCR MALARIA"	"PCR Malaria"	"BETWEEN"	"0"	"100"	"Kuantitatif"	"Dewasa"	"Semua"	"51587-4"	"U/mL"	"WHO International Standard"	"VERIFIED"	"Evaluasi parameter analitik PCR Malaria pada panel PCR MALARIA."
"ODL4009-INF-0019"	"PCR MALARIA"	"Spesies Plasmodium"	"BETWEEN"	"0"	"100"	"Kuantitatif"	"Dewasa"	"Semua"	"1000-0"	"U/mL"	"WHO International Standard"	"VERIFIED"	"Evaluasi parameter analitik Spesies Plasmodium pada panel PCR MALARIA."
"ODL4009-INF-0020"	"PCR HIV - BEBAN VIRUS"	"HIV RNA (Viral Load)"	"BETWEEN"	"20"	"40"	"Kuantitatif"	"Dewasa"	"Semua"	"25836-8"	"kopi/mL"	"WHO International Standard"	"VERIFIED"	"Evaluasi parameter analitik HIV RNA (Viral Load) pada panel PCR HIV - VIRAL LOAD."
"ODL4009-INF-0020"	"PCR HIV - BEBAN VIRUS"	"HIV RNA – Viral Load"	"BETWEEN"	"0"	"100"	"Kuantitatif"	"Dewasa"	"Semua"	"25836-8"	"kopi/mL"	"WHO International Standard"	"VERIFIED"	"Evaluasi parameter analitik HIV RNA – Viral Load pada panel PCR HIV - VIRAL LOAD."
"ODL4009-MSP-0001"	"PANEL PERNAPASAN PCR"	"Panel Respirasi (multiplex PCR)"	"BETWEEN"	"0"	"100"	"Kuantitatif"	"Dewasa"	"Semua"	"82170-5"	"U/mL"	"WHO International Standard"	"VERIFIED"	"Evaluasi parameter analitik Panel Respirasi (multiplex PCR) pada panel PCR RESPIRATORY PANEL."
"ODL4009-MSP-0002"	"PANEL GASTROINTESTINAL PCR"	"Panel Gastrointestinal (multiplex PCR)"	"BETWEEN"	"0"	"100"	"Kuantitatif"	"Dewasa"	"Semua"	"82195-2"	"U/mL"	"WHO International Standard"	"VERIFIED"	"Evaluasi parameter analitik Panel Gastrointestinal (multiplex PCR) pada panel PCR GASTROINTESTINAL PANEL."
"ODL4009-MSP-0003"	"PANEL INFEKSI MENULAR SEKSUAL PCR"	"Panel Infeksi Menular Seksual (multiplex PCR)"	"BETWEEN"	"0"	"100"	"Kuantitatif"	"Dewasa"	"Semua"	"1000-0"	"U/mL"	"WHO International Standard"	"VERIFIED"	"Evaluasi parameter analitik Panel Infeksi Menular Seksual (multiplex PCR) pada panel PCR SEXUAL TRANSMITTED INFECTION PANEL."
"ODL4009-MSP-0004"	"GENOTIPING DNA HPV PCR"	"HPV Risiko Tinggi (hrHPV)"	"BETWEEN"	"0"	"100"	"Kuantitatif"	"Anak"	"Perempuan"	"59263-4"	"U/mL"	"WHO International Standard"	"VERIFIED"	"Evaluasi parameter analitik HPV Risiko Tinggi (hrHPV) pada panel PCR HPV DNA GENOTYPING."
"ODL4009-MSP-0004"	"GENOTIPING DNA HPV PCR"	"HPV Risiko Tinggi (hrHPV)"	"BETWEEN"	"0"	"100"	"Kuantitatif"	"Dewasa"	"Perempuan"	"59263-4"	"U/mL"	"WHO International Standard"	"VERIFIED"	"Evaluasi parameter analitik HPV Risiko Tinggi (hrHPV) pada panel PCR HPV DNA GENOTYPING."
"ODL4009-MSP-0004"	"GENOTIPING DNA HPV PCR"	"Genotipe HPV 16 / 18"	"BETWEEN"	"0"	"100"	"Kuantitatif"	"Dewasa"	"Semua"	"1000-0"	"U/mL"	"WHO International Standard"	"VERIFIED"	"Evaluasi parameter analitik Genotipe HPV 16 / 18 pada panel PCR HPV DNA GENOTYPING."
"ODL4009-ONC-0001"	"MUTASI PCR JAK2"	"Mutasi JAK2 V617F"	"BETWEEN"	"0"	"100"	"Kuantitatif"	"Dewasa"	"Semua"	"55232-3"	"U/mL"	"WHO International Standard"	"VERIFIED"	"Evaluasi parameter analitik Mutasi JAK2 V617F pada panel PCR JAK2 MUTATION."
"ODL4009-ONC-0002"	"GENOTIPE APOLIPOPROTEIN E (APOE) PCR"	"Genotipe APOE"	"BETWEEN"	"0"	"100"	"Kuantitatif"	"Dewasa"	"Semua"	"1832-5"	"U/mL"	"WHO International Standard"	"VERIFIED"	"Evaluasi parameter analitik Genotipe APOE pada panel PCR APOLIPOPROTEIN E (APOE) GENOTYPE."
"ODL4009-ONC-0002"	"GENOTIPE APOLIPOPROTEIN E (APOE) PCR"	"Alel APOE E4"	"BETWEEN"	"0"	"100"	"Kuantitatif"	"Dewasa"	"Semua"	"1000-0"	"U/mL"	"WHO International Standard"	"VERIFIED"	"Evaluasi parameter analitik Alel APOE E4 pada panel PCR APOLIPOPROTEIN E (APOE) GENOTYPE."
"ODL4009-ONC-0003"	"PCR BRCA 1/2 GARIS GERMINAL"	"BRCA1/2 Germline"	"BETWEEN"	"0"	"100"	"Kuantitatif"	"Dewasa"	"Semua"	"1000-0"	"U/mL"	"WHO International Standard"	"VERIFIED"	"Evaluasi parameter analitik BRCA1/2 Germline pada panel PCR BRCA 1/2 GERMLINE."
"ODL4009-ONC-0004"	"PCR MCED KOMPREHENSIF"	"MCED Comprehensive"	"BETWEEN"	"0"	"100"	"Kuantitatif"	"Dewasa"	"Semua"	"1000-0"	"U/mL"	"WHO International Standard"	"VERIFIED"	"Evaluasi parameter analitik MCED Comprehensive pada panel PCR MCED COMPREHENSIVE."
"ODL4009-ONC-0005"	"PCR MCED PEREMPUAN"	"MCED Female"	"BETWEEN"	"0"	"100"	"Kuantitatif"	"Dewasa"	"Semua"	"1000-0"	"U/mL"	"WHO International Standard"	"VERIFIED"	"Evaluasi parameter analitik MCED Female pada panel PCR MCED FEMALE."
"ODL4009-ONC-0006"	"PCR MCED PRIA"	"MCED Male"	"BETWEEN"	"0"	"100"	"Kuantitatif"	"Dewasa"	"Semua"	"1000-0"	"U/mL"	"WHO International Standard"	"VERIFIED"	"Evaluasi parameter analitik MCED Male pada panel PCR MCED MALE."
"ODL4009-ONC-0007"	"PCR THALASIQ"	"PCR ThalasIQ"	"BETWEEN"	"0"	"100"	"Kuantitatif"	"Dewasa"	"Semua"	"1000-0"	"U/mL"	"WHO International Standard"	"VERIFIED"	"Evaluasi parameter analitik PCR ThalasIQ pada panel PCR THALASIQ."
"ODL4009-ONC-0008"	"PCR BCR-ABL, KUANTITATIF"	"BCR-ABL1 (Kuantitatif)"	"BETWEEN"	"0"	"100"	"Kuantitatif"	"Dewasa"	"Semua"	"1000-0"	"%IS"	"WHO International Standard"	"VERIFIED"	"Evaluasi parameter analitik BCR-ABL1 (Kuantitatif) pada panel PCR BCR-ABL, KUANTITATIF."
"ODL4009-ONC-0008"	"PCR BCR-ABL, KUANTITATIF"	"BCR-ABL1 – Major Molecular Response"	"BETWEEN"	"0"	"0.1"	"Kuantitatif"	"Dewasa"	"Semua"	"1000-0"	"%IS"	"WHO International Standard"	"VERIFIED"	"Evaluasi parameter analitik BCR-ABL1 – Major Molecular Response pada panel PCR BCR-ABL, KUANTITATIF."
"ODL4009-ONC-0009"	"PCR BCR-ABL, KUALITATIF"	"BCR-ABL1 (Kualitatif)"	"BETWEEN"	"0"	"100"	"Kuantitatif"	"Dewasa"	"Semua"	"1000-0"	"U/mL"	"WHO International Standard"	"VERIFIED"	"Evaluasi parameter analitik BCR-ABL1 (Kualitatif) pada panel PCR BCR-ABL, KUALITATIF."
"ODL4009-ONC-0010"	"TIPE HLA B27 (PCR)"	"HLA-B27 Typing (PCR)"	"BETWEEN"	"0"	"100"	"Kuantitatif"	"Dewasa"	"Semua"	"13304-1"	"U/mL"	"WHO International Standard"	"VERIFIED"	"Evaluasi parameter analitik HLA-B27 Typing (PCR) pada panel HLA B27 TYPING (PCR)."
"ODL4009-ONC-0011"	"Fenotipik HLA B27"	"HLA-B27 Phenotyping"	"BETWEEN"	"0"	"100"	"Kuantitatif"	"Dewasa"	"Semua"	"35545-3"	"U/mL"	"WHO International Standard"	"VERIFIED"	"Evaluasi parameter analitik HLA-B27 Phenotyping pada panel HLA B27 PHENOTYPING."
"ODL4009-ONC-0012"	"MASSA TITIK 10"	"SpotMAS 10"	"BETWEEN"	"0"	"100"	"Kuantitatif"	"Dewasa"	"Semua"	"1000-0"	"U/mL"	"WHO International Standard"	"VERIFIED"	"Evaluasi parameter analitik SpotMAS 10 pada panel SPOT MASS 10."
"ODL4009-ONC-0013"	"SPOTMASS CRC"	"SpotMAS CRC"	"BETWEEN"	"0"	"100"	"Kuantitatif"	"Dewasa"	"Semua"	"1000-0"	"U/mL"	"WHO International Standard"	"VERIFIED"	"Evaluasi parameter analitik SpotMAS CRC pada panel SPOTMASS CRC."
"ODL4009-ONC-0014"	"MASSA TITIK EPHIREA"	"SpotMAS Ephihera"	"BETWEEN"	"0"	"100"	"Kuantitatif"	"Dewasa"	"Semua"	"1000-0"	"U/mL"	"WHO International Standard"	"VERIFIED"	"Evaluasi parameter analitik SpotMAS Ephihera pada panel SPOTMASS EPHIHERA."
"ODL4009-ONC-0015"	"SPOT MASS EVA"	"SpotMAS EVA"	"BETWEEN"	"0"	"100"	"Kuantitatif"	"Dewasa"	"Semua"	"1000-0"	"U/mL"	"WHO International Standard"	"VERIFIED"	"Evaluasi parameter analitik SpotMAS EVA pada panel SPOTMASS EVA."
"ODL4009-LFW-0001"	"PCR SUPERGENIX PREMIUM"	"PCR SuperGenix Premium"	"BETWEEN"	"0"	"100"	"Kuantitatif"	"Dewasa"	"Semua"	"1000-0"	"U/mL"	"WHO International Standard"	"VERIFIED"	"Evaluasi parameter analitik PCR SuperGenix Premium pada panel PCR SUPERGENIX PREMIUM."
"ODL4009-LFW-0002"	"PCR SUPERGENIX ELITE"	"PCR SuperGenix Elite"	"BETWEEN"	"0"	"100"	"Kuantitatif"	"Dewasa"	"Semua"	"1000-0"	"U/mL"	"WHO International Standard"	"VERIFIED"	"Evaluasi parameter analitik PCR SuperGenix Elite pada panel PCR SUPERGENIX ELITE."
"ODL4009-LFW-0003"	"PCR SUPERGENIX SUPREME"	"PCR SuperGenix Supreme"	"BETWEEN"	"0"	"100"	"Kuantitatif"	"Dewasa"	"Semua"	"1000-0"	"U/mL"	"WHO International Standard"	"VERIFIED"	"Evaluasi parameter analitik PCR SuperGenix Supreme pada panel PCR SUPERGENIX SUPREME."
"ODL4009-NPT-0001"	"NIPT ULTIMATE"	"NIPT Ultimate – Trisomi 21"	"BETWEEN"	"0"	"100"	"Kuantitatif"	"Dewasa"	"Perempuan"	"1000-0"	"U/mL"	"WHO International Standard"	"VERIFIED"	"Evaluasi parameter analitik NIPT Ultimate – Trisomi 21 pada panel NIPT ULTIMATE."
"ODL4009-NPT-0002"	"NIPT LANJUTAN"	"NIPT Advanced – Trisomi 21"	"BETWEEN"	"0"	"100"	"Kuantitatif"	"Dewasa"	"Perempuan"	"1000-0"	"U/mL"	"WHO International Standard"	"VERIFIED"	"Evaluasi parameter analitik NIPT Advanced – Trisomi 21 pada panel NIPT ADVANCED."
"ODL4009-NPT-0003"	"NIPT PRIME"	"NIPT Prime – Trisomi 21"	"BETWEEN"	"0"	"100"	"Kuantitatif"	"Dewasa"	"Perempuan"	"1000-0"	"U/mL"	"WHO International Standard"	"VERIFIED"	"Evaluasi parameter analitik NIPT Prime – Trisomi 21 pada panel NIPT PRIME."
"ODL4009-NPT-0004"	"NIPT GENE BASIC (SINGAPURA)"	"NIPT iGene Basic – Trisomi 21"	"BETWEEN"	"0"	"100"	"Kuantitatif"	"Dewasa"	"Perempuan"	"1000-0"	"U/mL"	"WHO International Standard"	"VERIFIED"	"Evaluasi parameter analitik NIPT iGene Basic – Trisomi 21 pada panel NIPT IGENE BASIC (SINGAPORE)."
"ODL4009-NPT-0005"	"NIPT GENE CORE (SINGAPURA)"	"NIPT iGene Core – Trisomi 21"	"BETWEEN"	"0"	"100"	"Kuantitatif"	"Dewasa"	"Perempuan"	"1000-0"	"U/mL"	"WHO International Standard"	"VERIFIED"	"Evaluasi parameter analitik NIPT iGene Core – Trisomi 21 pada panel NIPT IGENE CORE (SINGAPORE)."
"ODL4009-NPT-0006"	"NIPT GENE COMPREHENSIVE (SINGAPORE)"	"NIPT iGene Comprehensive – Trisomi 21"	"BETWEEN"	"0"	"100"	"Kuantitatif"	"Dewasa"	"Perempuan"	"1000-0"	"U/mL"	"WHO International Standard"	"VERIFIED"	"Evaluasi parameter analitik NIPT iGene Comprehensive – Trisomi 21 pada panel NIPT IGENE COMPREHENSIVE (SINGAPORE)."
"ODL1011-DGN-0001"	"EKG"	"Irama Jantung"	"BETWEEN"	"0"	"100"	"Kuantitatif"	"Anak"	"Semua"	"11524-6"	"U/mL"	"IFU Kit Reagen"	"VERIFIED"	"Evaluasi parameter analitik Irama Jantung pada panel EKG."
"ODL1011-DGN-0001"	"EKG"	"Irama Jantung"	"BETWEEN"	"0"	"100"	"Kuantitatif"	"Dewasa"	"Semua"	"11524-6"	"U/mL"	"IFU Kit Reagen"	"VERIFIED"	"Evaluasi parameter analitik Irama Jantung pada panel EKG."
"ODL1011-DGN-0001"	"EKG"	"Laju Jantung"	"BETWEEN"	"0"	"100"	"Kuantitatif"	"Anak"	"Semua"	"8867-4"	"x/menit"	"IFU Kit Reagen"	"VERIFIED"	"Evaluasi parameter analitik Laju Jantung pada panel EKG."
"ODL1011-DGN-0001"	"EKG"	"Laju Jantung"	"BETWEEN"	"60"	"100"	"Kuantitatif"	"Dewasa"	"Semua"	"8867-4"	"x/menit"	"IFU Kit Reagen"	"VERIFIED"	"Evaluasi parameter analitik Laju Jantung pada panel EKG."
"ODL1011-DGN-0001"	"EKG"	"Interval PR"	"BETWEEN"	"0"	"100"	"Kuantitatif"	"Anak"	"Semua"	"8625-6"	"milidetik"	"IFU Kit Reagen"	"VERIFIED"	"Evaluasi parameter analitik Interval PR pada panel EKG."
"ODL1011-DGN-0001"	"EKG"	"Interval PR"	"BETWEEN"	"120"	"200"	"Kuantitatif"	"Dewasa"	"Semua"	"8625-6"	"milidetik"	"IFU Kit Reagen"	"VERIFIED"	"Evaluasi parameter analitik Interval PR pada panel EKG."
"ODL1011-DGN-0001"	"EKG"	"Durasi QRS"	"BETWEEN"	"0"	"100"	"Kuantitatif"	"Anak"	"Semua"	"8633-0"	"milidetik"	"IFU Kit Reagen"	"VERIFIED"	"Evaluasi parameter analitik Durasi QRS pada panel EKG."
"ODL1011-DGN-0001"	"EKG"	"Durasi QRS"	"BETWEEN"	"0"	"120"	"Kuantitatif"	"Dewasa"	"Semua"	"8633-0"	"milidetik"	"IFU Kit Reagen"	"VERIFIED"	"Evaluasi parameter analitik Durasi QRS pada panel EKG."
"ODL1011-MEX-0001"	"PEMERIKSAAN FISIK"	"Tekanan Darah"	"BETWEEN"	"0"	"100"	"Kuantitatif"	"Anak"	"Semua"	"85354-9"	"mmHg"	"IFU Kit Reagen"	"VERIFIED"	"Evaluasi parameter analitik Tekanan Darah pada panel PEMERIKSAAN FISIK."
"ODL1011-MEX-0001"	"PEMERIKSAAN FISIK"	"Tekanan Darah"	"BETWEEN"	"0"	"120"	"Kuantitatif"	"Dewasa"	"Semua"	"85354-9"	"mmHg"	"IFU Kit Reagen"	"VERIFIED"	"Evaluasi parameter analitik Tekanan Darah pada panel PEMERIKSAAN FISIK."
"ODL1011-MEX-0001"	"PEMERIKSAAN FISIK"	"Laju Nadi"	"BETWEEN"	"0"	"100"	"Kuantitatif"	"Anak"	"Semua"	"8867-4"	"x/menit"	"IFU Kit Reagen"	"VERIFIED"	"Evaluasi parameter analitik Laju Nadi pada panel PEMERIKSAAN FISIK."
"ODL1011-MEX-0001"	"PEMERIKSAAN FISIK"	"Laju Nadi"	"BETWEEN"	"60"	"100"	"Kuantitatif"	"Dewasa"	"Semua"	"8867-4"	"x/menit"	"IFU Kit Reagen"	"VERIFIED"	"Evaluasi parameter analitik Laju Nadi pada panel PEMERIKSAAN FISIK."
"ODL1011-MEX-0001"	"PEMERIKSAAN FISIK"	"Suhu Tubuh"	"BETWEEN"	"0"	"100"	"Kuantitatif"	"Anak"	"Semua"	"8310-5"	"C"	"IFU Kit Reagen"	"VERIFIED"	"Evaluasi parameter analitik Suhu Tubuh pada panel PEMERIKSAAN FISIK."
"ODL1011-MEX-0001"	"PEMERIKSAAN FISIK"	"Suhu Tubuh"	"BETWEEN"	"36.5"	"37.5"	"Kuantitatif"	"Dewasa"	"Semua"	"8310-5"	"C"	"IFU Kit Reagen"	"VERIFIED"	"Evaluasi parameter analitik Suhu Tubuh pada panel PEMERIKSAAN FISIK."
"ODL1011-MEX-0001"	"PEMERIKSAAN FISIK"	"Saturasi Oksigen (SpO2)"	"BETWEEN"	"0"	"100"	"Kuantitatif"	"Anak"	"Semua"	"2708-6"	"%"	"IFU Kit Reagen"	"VERIFIED"	"Evaluasi parameter analitik Saturasi Oksigen (SpO2) pada panel PEMERIKSAAN FISIK."
"ODL1011-MEX-0001"	"PEMERIKSAAN FISIK"	"Saturasi Oksigen (SpO2)"	"BETWEEN"	"95"	"100"	"Kuantitatif"	"Dewasa"	"Semua"	"2708-6"	"%"	"IFU Kit Reagen"	"VERIFIED"	"Evaluasi parameter analitik Saturasi Oksigen (SpO2) pada panel PEMERIKSAAN FISIK."
"ODL1011-MEX-0001"	"PEMERIKSAAN FISIK"	"Indeks Massa Tubuh (IMT)"	"BETWEEN"	"0"	"100"	"Kuantitatif"	"Anak"	"Semua"	"39156-5"	"kg/m"	"IFU Kit Reagen"	"VERIFIED"	"Evaluasi parameter analitik Indeks Massa Tubuh (IMT) pada panel PEMERIKSAAN FISIK."
"ODL1011-MEX-0001"	"PEMERIKSAAN FISIK"	"Indeks Massa Tubuh (IMT)"	"BETWEEN"	"18.5"	"22.9"	"Kuantitatif"	"Dewasa"	"Semua"	"39156-5"	"kg/m"	"IFU Kit Reagen"	"VERIFIED"	"Evaluasi parameter analitik Indeks Massa Tubuh (IMT) pada panel PEMERIKSAAN FISIK."
"ODL1011-RAD-0001"	"TORAKS"	"Pemeriksaan Radiologi"	"BETWEEN"	"0"	"100"	"Kuantitatif"	"Dewasa"	"Semua"	"1000-0"	"U/mL"	"IFU Kit Reagen"	"VERIFIED"	"Evaluasi parameter analitik Pemeriksaan Radiologi pada panel THORAX."
"ODL1011-RAD-0002"	"TORAKS AP/LAT"	"Pemeriksaan Radiologi"	"BETWEEN"	"0"	"100"	"Kuantitatif"	"Dewasa"	"Semua"	"1000-0"	"U/mL"	"IFU Kit Reagen"	"VERIFIED"	"Evaluasi parameter analitik Pemeriksaan Radiologi pada panel THORAX AP/LAT."
"ODL1011-RAD-0003"	"AP SERVIKAL"	"Pemeriksaan Radiologi"	"BETWEEN"	"0"	"100"	"Kuantitatif"	"Dewasa"	"Semua"	"1000-0"	"U/mL"	"IFU Kit Reagen"	"VERIFIED"	"Evaluasi parameter analitik Pemeriksaan Radiologi pada panel CERVICAL AP."
"ODL1011-RAD-0004"	"LATIN SERVIKAL"	"Pemeriksaan Radiologi"	"BETWEEN"	"0"	"100"	"Kuantitatif"	"Dewasa"	"Semua"	"1000-0"	"U/mL"	"IFU Kit Reagen"	"VERIFIED"	"Evaluasi parameter analitik Pemeriksaan Radiologi pada panel CERVICAL LAT."
"ODL1011-RAD-0005"	"THORAKAL AP"	"Pemeriksaan Radiologi"	"BETWEEN"	"0"	"100"	"Kuantitatif"	"Dewasa"	"Semua"	"1000-0"	"U/mL"	"IFU Kit Reagen"	"VERIFIED"	"Evaluasi parameter analitik Pemeriksaan Radiologi pada panel THORAKAL AP."
"ODL1011-RAD-0006"	"THORAKAL LAT"	"Pemeriksaan Radiologi"	"BETWEEN"	"0"	"100"	"Kuantitatif"	"Dewasa"	"Semua"	"1000-0"	"U/mL"	"IFU Kit Reagen"	"VERIFIED"	"Evaluasi parameter analitik Pemeriksaan Radiologi pada panel THORAKAL LAT."
"ODL1011-RAD-0007"	"AP/LAT ASLI"	"Pemeriksaan Radiologi"	"BETWEEN"	"0"	"100"	"Kuantitatif"	"Dewasa"	"Semua"	"1000-0"	"U/mL"	"IFU Kit Reagen"	"VERIFIED"	"Evaluasi parameter analitik Pemeriksaan Radiologi pada panel GENU AP/LAT."
"ODL1011-RAD-0008"	"KAKI AP/LAT"	"Pemeriksaan Radiologi"	"BETWEEN"	"0"	"100"	"Kuantitatif"	"Dewasa"	"Semua"	"1000-0"	"U/mL"	"IFU Kit Reagen"	"VERIFIED"	"Evaluasi parameter analitik Pemeriksaan Radiologi pada panel CRURIS AP/LAT."
"ODL1011-RAD-0009"	"SENDI PERGELANGAN KAKI AP/LAT"	"Pemeriksaan Radiologi"	"BETWEEN"	"0"	"100"	"Kuantitatif"	"Dewasa"	"Semua"	"1000-0"	"U/mL"	"IFU Kit Reagen"	"VERIFIED"	"Evaluasi parameter analitik Pemeriksaan Radiologi pada panel ANKLE JOINT AP/LAT."
"ODL1011-RAD-0010"	"PEDIS AP/LAT"	"Pemeriksaan Radiologi"	"BETWEEN"	"0"	"100"	"Kuantitatif"	"Dewasa"	"Semua"	"1000-0"	"U/mL"	"IFU Kit Reagen"	"VERIFIED"	"Evaluasi parameter analitik Pemeriksaan Radiologi pada panel PEDIS AP/LAT."
"ODL1011-RAD-0011"	"SARUNG TANGAN AP/LAT"	"Pemeriksaan Radiologi"	"BETWEEN"	"0"	"100"	"Kuantitatif"	"Dewasa"	"Semua"	"1000-0"	"U/mL"	"IFU Kit Reagen"	"VERIFIED"	"Evaluasi parameter analitik Pemeriksaan Radiologi pada panel MANUS AP/LAT."
"ODL1011-RAD-0012"	"PERGELANGAN TANGAN AP/LAT"	"Pemeriksaan Radiologi"	"BETWEEN"	"0"	"100"	"Kuantitatif"	"Dewasa"	"Semua"	"1000-0"	"U/mL"	"IFU Kit Reagen"	"VERIFIED"	"Evaluasi parameter analitik Pemeriksaan Radiologi pada panel WRIST AP/LAT."
"ODL1011-RAD-0013"	"LENGAN BAWAH AP/AKHIR"	"Pemeriksaan Radiologi"	"BETWEEN"	"0"	"100"	"Kuantitatif"	"Dewasa"	"Semua"	"1000-0"	"U/mL"	"IFU Kit Reagen"	"VERIFIED"	"Evaluasi parameter analitik Pemeriksaan Radiologi pada panel ANTEBRACHI AP/LAT."
"ODL1011-RAD-0014"	"SENDI SIKU AP/LAT"	"Pemeriksaan Radiologi"	"BETWEEN"	"0"	"100"	"Kuantitatif"	"Dewasa"	"Semua"	"1000-0"	"U/mL"	"IFU Kit Reagen"	"VERIFIED"	"Evaluasi parameter analitik Pemeriksaan Radiologi pada panel ELBOW JOINT AP/LAT."
"ODL1011-RAD-0015"	"HUMOR AP/LAT"	"Pemeriksaan Radiologi"	"BETWEEN"	"0"	"100"	"Kuantitatif"	"Dewasa"	"Semua"	"1000-0"	"U/mL"	"IFU Kit Reagen"	"VERIFIED"	"Evaluasi parameter analitik Pemeriksaan Radiologi pada panel HUMERUS AP/LAT."
"ODL1011-RAD-0016"	"BAHU AP/LAT"	"Pemeriksaan Radiologi"	"BETWEEN"	"0"	"100"	"Kuantitatif"	"Dewasa"	"Semua"	"1000-0"	"U/mL"	"IFU Kit Reagen"	"VERIFIED"	"Evaluasi parameter analitik Pemeriksaan Radiologi pada panel SHOULDER AP/LAT."
"ODL1011-RAD-0017"	"TULANG SELANGKA"	"Pemeriksaan Radiologi"	"BETWEEN"	"0"	"100"	"Kuantitatif"	"Dewasa"	"Semua"	"1000-0"	"U/mL"	"IFU Kit Reagen"	"VERIFIED"	"Evaluasi parameter analitik Pemeriksaan Radiologi pada panel CLAVICULA."
"ODL1011-FAR-0001"	"KLINIK - VITAMIN C"	"Item Farmasi / Tindakan"	"BETWEEN"	"0"	"100"	"Kuantitatif"	"Dewasa"	"Semua"	"1000-0"	"U/mL"	"IFU Kit Reagen"	"VERIFIED"	"Evaluasi parameter analitik Item Farmasi / Tindakan pada panel CLINIC - VITAMIN C."
"ODL1011-FAR-0002"	"KLINIK - VITAMIN B"	"Item Farmasi / Tindakan"	"BETWEEN"	"0"	"100"	"Kuantitatif"	"Dewasa"	"Semua"	"1000-0"	"U/mL"	"IFU Kit Reagen"	"VERIFIED"	"Evaluasi parameter analitik Item Farmasi / Tindakan pada panel CLINIC - VITAMIN B."
"ODL1011-FAR-0003"	"KLINIK - RL 500"	"Item Farmasi / Tindakan"	"BETWEEN"	"0"	"100"	"Kuantitatif"	"Dewasa"	"Semua"	"1000-0"	"U/mL"	"IFU Kit Reagen"	"VERIFIED"	"Evaluasi parameter analitik Item Farmasi / Tindakan pada panel CLINIC - RL 500."
"ODL1011-FAR-0004"	"KLINIK - RANITIDINE"	"Item Farmasi / Tindakan"	"BETWEEN"	"0"	"100"	"Kuantitatif"	"Dewasa"	"Semua"	"1000-0"	"U/mL"	"IFU Kit Reagen"	"VERIFIED"	"Evaluasi parameter analitik Item Farmasi / Tindakan pada panel CLINIC - RANITIDINE."
"ODL1011-FAR-0005"	"KLINIK - BUCSOPAN"	"Item Farmasi / Tindakan"	"BETWEEN"	"0"	"100"	"Kuantitatif"	"Dewasa"	"Semua"	"1000-0"	"U/mL"	"IFU Kit Reagen"	"VERIFIED"	"Evaluasi parameter analitik Item Farmasi / Tindakan pada panel CLINIC - BUCSOPAN."
"ODL1011-FAR-0006"	"KLINIK - METOCLOPRAMIDE"	"Item Farmasi / Tindakan"	"BETWEEN"	"0"	"100"	"Kuantitatif"	"Dewasa"	"Semua"	"1000-0"	"U/mL"	"IFU Kit Reagen"	"VERIFIED"	"Evaluasi parameter analitik Item Farmasi / Tindakan pada panel CLINIC - METOCLOPRAMIDE."
"ODL1011-FAR-0007"	"KLINIK - OMEPRAZOLE"	"Item Farmasi / Tindakan"	"BETWEEN"	"0"	"100"	"Kuantitatif"	"Dewasa"	"Semua"	"1000-0"	"U/mL"	"IFU Kit Reagen"	"VERIFIED"	"Evaluasi parameter analitik Item Farmasi / Tindakan pada panel CLINIC - OMEPRAZOLE."
"ODL1011-FAR-0008"	"KLINIK - ONDANSENTRONE"	"Item Farmasi / Tindakan"	"BETWEEN"	"0"	"100"	"Kuantitatif"	"Dewasa"	"Semua"	"1000-0"	"U/mL"	"IFU Kit Reagen"	"VERIFIED"	"Evaluasi parameter analitik Item Farmasi / Tindakan pada panel CLINIC - ONDANSENTRONE."
"ODL1011-FAR-0009"	"KLINIK - INJEKSI"	"Item Farmasi / Tindakan"	"BETWEEN"	"0"	"100"	"Kuantitatif"	"Dewasa"	"Semua"	"1000-0"	"U/mL"	"IFU Kit Reagen"	"VERIFIED"	"Evaluasi parameter analitik Item Farmasi / Tindakan pada panel CLINIC - INJECTION."
"ODL1011-FAR-0010"	"KLINIK - INFUS"	"Item Farmasi / Tindakan"	"BETWEEN"	"0"	"100"	"Kuantitatif"	"Dewasa"	"Semua"	"1000-0"	"U/mL"	"IFU Kit Reagen"	"VERIFIED"	"Evaluasi parameter analitik Item Farmasi / Tindakan pada panel CLINIC - INFUSE."
"ODL1001-RGN-0002"	"HITUNGAN DARAH LENGKAP + DIFF"	"HITUNGAN Parameter"	"BETWEEN"	"12"	"17.5"	"Kuantitatif"	"Dewasa"	"Semua"	"718-7"	"g/dL"	"CLSI H20-A2"	"VERIFIED"	"Penetapan analit kuantitatif HITUNGAN Parameter mengacu pada panduan baku ISO 15189."
